T,x26160080,x26160090,x26160160,x26170150,x26170190,x26175030,x26180160,x26180170,x26180180,x26180190,x26180200,x26180220,x26185020,x26190090,x26190100,x26195020,x26195030,x26200120,x26200130,x26200140,x26200150,x26205080,x26210070,x26210080,x26210090,x26210110,x26210130,x26210140,x26215010,x26215020,x26225030,x26230010,x27010770,x52010150,x26010020,x26010030,x26010050,x26010070,x26020020,x26020030,x26020100,x26020120,x26020130,x26020160,x26020180,x26020200,x26020220,x26020230,x26020250,x26020320,x26020380,x26020390,x26020450,x26020460,x26025030,x26025070,x26025090,x26025100,x26030030,x26030050,x26030060,x26030070,x26030080,x26030090,x26030100,x26035030,x26040190,x26040200,x26040210,x26040220,x26040250,x26040290,x26040310,x26040340,x26045010,x26050060,x26050270,x26050340,x26055040,x26060020,x26060030,x26060200,x26065010,x26065020,x26070110,x26070170,x26070590,x26070610,x26070760,x26075040,x26075080,x26075090,x26075100,x26075110,x26080070,x26080260,x26080280,x26080290,x26085130,x26090060,x26090300,x26090380,x26090430,x26090460,x26090480,x26090510,x26090520,x26090530,x26090550,x26090560,x26090580,x26090620,x26090630,x26090790,x26090880,x26095080,x26095180,x26095200,x26100070,x26100280,x26100290,x26100300,x26100330,x26100350,x26100360,x26100370,x26100380,x26100400,x26100410,x26100660,x26100670,x26100680,x26100690,x26100700,x26100740,x26100770,x26100780,x26100790,x26100800,x26100830,x26105140,x26105150,x26105160,x26105230,x26110040,x26110050,x26110060,x26110070,x26110090,x26110150,x26110160,x26110190,x26110200,x26110230,x26110290,x26110300,x26110330,x26110360,x26110380,x26110430,x26110440,x26110450,x26115040,x26115080,x26120120,x26120130,x26120150,x26120170,x26120180,x26120600,x26125130,x26130020,x26130170,x26130180,x26130200,x26130220,x26135040,x26140090,x26140110,x26140120,x26140180,x26150060,x26150150,x26150160,x26155110,x26160100,x26160120,x26170260,x26170290,x54010020,x26237100
1/01/1990,65,91,74,97,30,42,79,83,70.3,204,121,28,87.3,62,71,69.3,98.10236054,30,34,57,193,98.03939201,116,31.8,60,64,92,157,71.3,56.2,96.93509484,73,179,149.5055475,120.4,210,124,108,62,116,164,169,129,216,237,171,347,224,256,99,295,2,207,84,171.1,70.4,164.5,130.4,484.3,192,258,267,779,317,224,121.6,14,49,138,116,130,129,113,120,45.3,404,118,243,198,85,125,62,74,157.1,96,111,60,92,87,82.7,87,129,114.5578423,98,84,55,179.6,97,52,100,186,68,124,144,132,101,139,166,240,40,110,132,68.2,145,150,73.7,178,87,59,96,125,47,139,78,51,54,69,85,31,51,110,123,106.5214654,72.2,88,52,48,58,51,86,52.8,76,129.2,70.6,95.10192556,54,102,82,108,108,109,82,157,43.5,55,87,64,96,84,122,180,67,89,80,106.4,93.1,101.18152,33,36,154,101.5,106,288,77,67,91,67.5,77,378,95,110,87,68,39,81.3,36,74.5,76,100,107,721.9
1/02/1990,172,179,86,137,220,190,106,78,56.9,291,59,75,64.7,122,95,117.6,134.7959389,13,54,54,184.9,124.0435461,56,56.9,65,70,123,128,56.4,59.4,121.7749028,48,153,222.0824528,192.8,215,121,136,201,380,229,227.6765153,238,325,246,221,479,211,308,193.2,272,365,255,236,271.9,171.3,368.5,384,290,187,264,264,775,180,315,299.3,175,263,482,327,255,399,179,305,0,209,336,179,368,170,122,282,198,180.6,167,174,266,404,441,64.5,164.7,210,183.1208406,251,85,124,219,105,59,194,384,231,443,343,215,179,387,274,515,113,188,124,38.5,108,282,112.7,181,254,135,56,98,71,69,163,51,121,194,81,18,101,322,159,185.3118276,83.2,35,189,43,27,216,30,132.4,55,119.6,124.2,84,66,65,43,101,56,56,68,98,43,51,72.84978937,51,164,76,92,118,85,46,39,123.5,100.8,60,263,140,57,134.9,303,147,94,130,62,132.6,83,219,90,88,174,158,108,113.2,211,189.4,60,85,119,707
1/03/1990,132,150,81,148,158,97.1,106,98,101.8,370,137,44,132.7,133,94,96.4,134.2903667,70,112,207,215.8,131.8683696,88,89,123,84,107.5,179,163.4,34.7,29.4,28,287,161.7346293,79.8,165,211,196,160,166,290.4,103,131,253,225,344,124,184,148,118,206,238,104,79,161.9,174.2,181.7,171.2,413,180,196,217,901,205,185,196.9,53,120,91,91,145,152,128,203,45.3,299,105,119,150.6121336,96,83,183,92,202.8,113,168,105,98,162,61.9,52,97,130.3807814,122,115,134,136,79,99,82,189,98,203,140,147,113,149,137,265,96,136,86,58,82,121,76.2,124,69,85,79,108,116,100,128,101,111,109,84,143,46,172,209,99,136,69,174,105,75,93,103,51.4,106,89.1,75.1,82,204,100,74,153,198,73,154,166,110.5,102,64,197,99,146,119,162,74,111,115,206,107,128,187,172,80,163.2,232,392,74,176,100,198.1,113,242,187,175,200,123,95,83.1,112,184.8,123,140.2358252,138.2509741,757.3
1/04/1990,171,228,240,302,373,194.7,272,230,317.7,338,265,208,369.8,299,317,182.4,223.5895638,48,164,282,261,206.4396323,130,234,230,168,141.8,130,337.1,157.9,117.3,176,249,216.8283598,276,271,156,156,92,262,259,112,155,428,334,143,269,263,145,107,325,226,128,107,189.3,163,288,206.5,419,137,276,326,877,239,233,236.9,96,132,191,223,204,202,142,351,116.6,329,294,208,384,123,175,81,126,193.3,157,171,143,181,229,91.6,174.9,315,183.9128994,152,93,134,246,134,138,207,232,159,160,120,312,112,163,256,776,116,425,202,97,151,169,92,164,247,59,144,177,179,228,138,175,84,169,152,225,54,162,200,168,195,104,217,102,75,114,43,69.5,145,56.8,94.3,93,75,97,110,164,153,162,74,226,29.5,147,107,64,63,113,162,205,86,88,111,316,135,258,180,148,179,310,681,338,225,340,229,239.3,201,704,181.5,208,334,211,197,114.9,129,182.8,194,227.8361192,208.8472135,847.8
1/05/1990,129,168,172,255,169,213.4,142,222,142.1,171,177,134,319.9,151,192,204.8,155.5667159,382,188.7,290,262,169.361594,184,316,157,282,138,339,201.7,104.1,122.3,198,305,137.1933281,129.5,155,371,352,113,114,237,116,75,112,60,137,194,140,121,130,358,181,161,38,77.3,135.8,147.3,138.1,233.4,86,177,148,563,94,97,182.7,63,99,64,137,145,162,129,75,49.9,169,324,169,209,16,195,91,62,45,31,34,65,77,86,26.5,30.6,30,95.93552613,18,18,67,108,85,50,109,66,121,100,68,137,59,39,63,169,63,134,96,35,85,63,65.4,41,91,80,101,42,124,37,107,50,110,97,84,59,18,52,109,76,91,52,113,23,110,84,121,60.5,94,37.7,38.3,38,107,103.9,112.5,173,135,101,64,282,34,54,71,217,37,37,124,151,28,92,86,71,79,145,100,97,97,126.3,264,111,80,325,132,233.1,149,139.5902559,84,158,337,171,89,82.3,212,86.6,55,144.7039601,136.1920133,978
1/06/1990,60,82,79,110,65,49.9,100,205,108.3,127,123,46,312.1,143,53,153.2,85.72652108,120,172,183,172,99.54466259,132,240,141,94,63,116,192.8,67.8,58.9,61,228,33,40.9,44,440,392,9,45,27,60,18,49,60,9,136,149,76,126,105,111,49,34,37.4,90.8,85.2,45.8,185.4,30,111,150,396,85,100,4,37,42,49,34,20,31,50,19,88.2,63,67,61,201,68,52,54,75,55.7,49,0,14,37,21,35.3,16.6,20,0,9,26,39,55,44,20,35,15,65,25,20,40,59,22,91,117,24,36,30,31,49,16,18.5,26,40,32,21,17,88,60,47,98,48,33,90,57,14,50,94,18,33,56,114,38,3,14,30,26.9,51,47.2,17.2,38,30,33,35,44,107,49,24,72,34.5,48,26,14,15,48,20,67,16,30,73,52,98,47,44,112,43,88.4,148,57,79,210,58,77,27,333,41,80,61,68,127,72.1,56,35.8,62,29,66,686.3
1/07/1990,124,170,152,221,227,175.2,163,303,221.1,210,202,153,506.6,216,279,200.5,272.3,61,256,326,275,149.9011616,164,235,117,263,113,151,207.6,156.4,102.5,153,187,43,23.5,28,410,354,31,37,55,80,83,164,88,34,159,147,34,64,175,120,26,37,83,128.1,76.3,42,136.4,56,147,122,335,30,26,60.4,37,55,106,74,43,81,102,60,43.4,94,95,73,102,21,57,83,71,52.7,34.7,31,16,52,62,24.6,25,36,27.9,19,69,32,39,60,18,44,31,75,24,65,107,31,24,72,125,34,78,70,33,56,37,46.3,67,49,58,170,95,61,113,69,67,92,83,75,88,26,36,148,47,73,77,121,134,35,26,116,28,115,44.1,70.9,88,69,35,116,123,82,80,107,91,86.5,49,81,118,70,59,38,115,26,58,91,70,76,57,45,56,63,153.2,177,233,102,119.0513184,149,146.3,233,685,114,89,198,62,100,74,5,67,123,228,119,630.2
1/08/1990,100,87,94,108,118,142,119,118,143.4,115,157,104,210.1,113,154,86.4,98,165,83,145,99,79.35410179,87,157,92,120,55,86,87.8,42.7,50.2,60,115,0,12.9,20,308,281,7,37,96,31,4,88,61,81,102,47,59,100,120,32,23,0,54.1,134,75,48,80.4,46,55,57,227,35,73,13.4,2,23,29,9,2,22,35,50,12,63,155,72,122,0,29,25,7,16.4,29.2,53,12,18,29,24,4.3,41,5.5,14,83,19,26,27,14,22,16,37,18,40,33,12,35,67,125,4,22,9,16,40,52,31.8,23,31,21,61,65,58,32,52,75,22,45,42,69,9,31,57,40,38,40,74,23,10,31.8,78,8.7,77.1,49.8,22.3,21,43,12,33,22,97,62,31,108,13,20,49,51,52,3,7,24,12,78.5,23,20,45,32,12,48,53,26.6,101,131,19,62,21,62,25,229,106,41,29,64,43,25,4.5,70.3,69,93,88,494.1
1/09/1990,133,290,199,376,443,227.4,226,171.7422522,185.3,246,343,179,334.7,193,128,220.8,289,116,272,206,223,166.658879,246,194,198,307,128,284,236,118.2,219.2,129,330,25,59,65,189,186,1,53,127,70,33,119,160,55,174,162,81,47,87,104,103,11,87.7,73,59.9,99.3,183.3,79,72,212,374,37,76,136.5,17,61,120,49,80,42,233,9,26.1,181,148,97,171,0,53,38,11,77.9,147,32,10,30,17,2.3,19,31,47.5,7,74,71,74,69,17,32,84,9,81,100,89,0,96,115,145,2,36,42,23,55,134,15,120,94,98,132,109.005299,157,90,86,177,130,40,105,108,18,25,161,91,146,107,169,71,10,73.9,94,20.1,150,86.6,82.8,73,101,72,103,111,83,83,64,69,71,131,60,91,84,91,67,89,98,116.1,85,57,111,111,103,126,120,150.2,119,99,113,197,114,136.2,90,320,37.8,139,126,83,68,72.7,145.1,61.1,111,139,200,493.1
1/10/1990,354,394,276,391,856,451.3,349,404,369,421,567,345,448.1,382,286,382.4,312.8,162.2,348,255,400,244.8,433,340,375,503,176,398,404.4,234.5,243.4,263,328,456,223.7,258,165,171,194,249,218,269,301,314,341,304,317,310,372,164,290,354,342,328,286.9,123,246.8,197.1,448.7,309,280,284,153,386,325,317.5,103,167,240,374,326,257,635.2,523,428.3,297,430,251,446,262,262,208,344,430.8,495,251,112,329,363,167.6,227.4,271,184.5,293,275.7924579,215,297,170,159,559,398,204,402,400,283,139,407,328,378,123,350,201,215,222,464,155.7,441,322,192,157,289,319,222,272,355,216,213,339,243,83,223,319,148,186,175,311,242,96,132.3,279,145.9,267,250.2,238.4,196,184,179,180,276,154,199,165,286,138,191,141,189,296,222,174,260,156,144.9,181,306,380,364,190,343,265,281.9,354,544,220,265,230,410.1,240,679,158,273,250,250,250,198.5,232.5,490.7,168.1,166,285.456411,844.3
1/11/1990,145,182,179,240,274,252.8,137,125,152.4,244,198,176,184.8,327,19,159.9,241.7,114,148,62,280,278.6,137,101,83,344,91,169,234.4,66,85.1,109,315,199,96.8,169,156,145,161,325,237,187,181,230,278,162,260,263,327,121,267,217,215,201,170.3,62,212,294.2,487.2,295,396,246,328,307,303,275.4,56,88,129,160,261,125,141.5,260,170.7,263,179,165,238,137,160,197,155.3,116.6,107,135,115,261,144,78.4,149.9,141,100.1,118,143.1913776,64,110,215,98,102,246,119,272,121,127,31,186,205,192,124,122,64,147,125,234,80,151,95,90,82,41,82,73,81,83,83,71,85,103,80,91,172,81,86,86,117,78,63,129.9,56,62,102,42.5,33.9,22,90,114,69,110,47,110,45,301,43,77,72,121,87,102,69,98,61,82.5,69,212,131,160,241,109,110,222.1,177,263,134,176,170,199.5,153,246,124,88,107,156,113,157.2,238.2,169.1,130,220,147.1294939,837.8
1/12/1990,145,283,87,182,166,127.4,104,82,78,169.5,150,93,142.7,120,83.7,68.3,138.2,27,42,45,123,123.7,68,35,10,52,69,77,156.2,24.4,12.2,19,91,298,248.5,303,117,118,177,279,330,129,202,213,327,184,311,61,300,182,337,210,235,247,155.8,53,342.7,332.7,582.8,167,254,260,330,110,299,207.8,145,201,140,244,230,295,323,298,104.7,214,149,244,185,74,97,195,92.5,203,170,183,157,205,213,63.5,67.4,103,78.5,97,147.8321549,129,122,161,137,169,282,156,196,191,217,46,186,145,134,144,215,156,84,72,268,115.6,142,189,100,81,142,60,106,235,97,96,158,56,182,88,171,182,144.7178727,105,52,124.5,39,33.3,80.7,50.4,113.3,172,84.5,156.2,94,60,36,40,98,115,84,80,177,57,44.2,77,84,61,42,138,327,64,53,52,104,15,222,435,79.4,70,349.2,193,151,133,220,102,138.7,182,298,48,106,94,103.9,97,137.4,222.3,169.8,139,185,134.9948222,809.9
1/01/1991,58,64,81,25,14,95.2,56,55,45,39,177,18,124.7,58,53.5,53.3,68.1,3,19,40,43,50.9,11,13,10,26.6,16,14,20.9,5.2,2.9,22,109,169,146.1,115,40,55,47,224,93,41,109,99,275,77,106,253,67,74,30,70,46,52,26,45,296.3,189.7,510.9,97,218,147,171,181,271,116.9,46,88,28,83,70,88,27,100,42.5,91,10,19,162,7,11,82,37,23.8,49,32,68,145,119,14.6,30.3,32,2,76,0,5,43,29,13,59,35,38,147,57,67,13,123,106,56,45,60,65,26,25,91,23.4,38,76,11,8,35,25,33,36,0,12,87,18,12,54,48,68,13,18,0,22,12,3,30,25,37,13,30.4,54,33,4,9,13,26,72,23,5,44,6,0,4,25,27,9,24,104,10,12.5,5,24,140,127,167,67,91,68.8,215,156,41,97,76,147.4,29,248,38,99,9,92,33,70.3,126.5,77.5,72,44,78,601.9
1/02/1991,49,71,30,35,0,23.2,49,52,38.8,121,26,12,123.6,88,74.5,38.7,75.6,13,18,16,32,13.5,19,35,13,49,20,53,34.5,0.2,0.8,0,68,73,42,69,134,111,50,107,242,46,153,177,121,73,141,145,97,70,129,141,48,50,70.6,51,98.8,106.3,179.4,72,115,185,120,120,110,53,39,90,92,73,105,85,81,113,68.8,140,110,80,114,14,91,15,16.6,45.4,44,75,87,56,80,10,17.3,53,55.4,36,40,45,38,5,10,98,83,21,63,94,24,0,64,71,63,24,37,70,69,5,63,41.1,58,36,53,69,90,109,96,29,96,35,75,55,49,20,10,63,46,28,89,31,50,6,30,57,10,57,52,68.8,24,90,102,57,49,93,56,33,113,40,115,82,59,62,128,72,89,158,71.3,134,79,76,114,96,43,103,102.9,124,147.6,78,10,86,72.8,103,83,67,43,139,102,19.7,41.1,91,55.4,31,55,110,499.4
1/03/1991,149,381,131,222,71,190,161,180,125.9,176,122,87,186.9,282,101.4,237.4,293.1,68,98,212,271,253,167,254,117,50,73,183,139.1,81.2,93,67,212,173,281.2,452,113,138,186,304,240,288,387,168,366,229,194,118,311,152.3,345,246,237,239,184.2,89,356.3,321.7,526.1,354,243,330,284,396,429,436.1,173,293,184,274,186,287,229,297,205.8,179,198,120,184,190,314,341,219,178.1,187,190,243,546,214,139.9,169.2,202,92.8,258,137,191,160,120,177,268,235,201,117,194,264,36,285,213,478,164,180,276,77,132,204,187.7,196,219,179,69,207,149,229,286,138,160,290,208,267,244,375,335,240,291,66,358,74,72,130,193.4,192.4,147,151.2,142.8,113,76,33,85,136,221,164,102,293,63.5,51,52,103,150,89,113,218,84,40.7,50,231,165,282,464,157,250,379.3,474,284,193,181,240,185,177,467,133,261,284,256,97.3,222.1,77,298.1,214,213,279,633.9
1/04/1991,159,217,78,237,163,125.4,123,215.2,117.4,142,210,149,238.4,167,149.2,103.7,229.3,160.2,140,135,199,87.1,222,134,123,184,113,288,169.6,62.2,77.5,67,174,75,110.7,120,200,166,43,99,271,151,124,209,182,129,265,53,111,83,340,115,122,131,180.9,57,213.7,181.4,369.5,189,236,126,279,384,123,141.2,85,63,75,148,183,127,269,24,174.8,207,220,249,235,107,300,148,155,155.7,158,133,167,131,223,108.1,136.3,119,122,53,88,94,166,81,162,140,106,112,65,178,130,51,114,154,491,51,90,78,115,126,108,75.9,139,194,186,73,120,105,148,146,146,171,130,119,105,51,157,122,90,55,93,141,106,20,80,192,69.5,98,109.4,97.8,119,97,141,65,70,143,133,121,199,87,117,65,80,153,78,100,196,150,102,120,121,108,149,227,117,124,265.8,361,430,87,128,111,128.3,192,262,110,120,223,172,109.8,193.3,248.5,64,105,195,139,741.6
1/05/1991,121,163,538,326,237,213.7,205,244,159.2,156,180,80,340,258,170.3,220.8,282.6,121,123,269,212,183.3,362,130,166,234,129.5,338,235.4,105.9,107.3,94,238.9,119,118,128,233,211,125,97,167,129,129,284,165,184,141,356,206,79,255,155,232,38,194.7,81.8,175.6,137.8,468.4,207,272,324,232,189,167,133.7,111,127,193,158,170,197,152,179,139.9,313,375,236,334,148,201,143,158,91.6,136,137,69,147,166,126.9,108.1,148,127.9,91,187,145,158,107,81,119,87,100,90,63,192,29,90,160,435,91,152,152,116,149,123,83,140,159,85,172,186,181,184,181,281,88,175,201,152,53,145,296,68,146,199,166,129,49.9,90,93,82.5,188,200,66.1,107,104,126,125,110,209,192,115,271,152,112,105,123,118,173,86,155,119,208,210,151,175,176,162,208,263,169.4,235,130,197,307,254,177.8,240,240,132,251,193,126,133,102.2,179,165.5,280,227,234,822.9
1/06/1991,113,163,226,258,128,133.6,101,169,176.3,168,217,37,270.9,236,127.6,177.6,274.7,70,109,171,197,146,169,137,164,198,16.1,135,152.3,91.1,94,103,162,41,49.1,48,334,288,14,65,168,49,22,115,152,139,82,133,131,54.5,151,140,90,27,45.9,56,103.7,63.6,319,54,203,297,211,147,55,65.6,19,74,75,81,70,53,42,20,122.7,212,280,158,350,70,122,51,92,64.9,16,29,36,54,96,14.4,66.6,59,39.9,45,49,124,82,21,33,69,15,110,13,11,124,0,42,82,320,16,108,86,5,46,30,26.7,23,102,63,53,66,102,40,52,87,90,69,74,67,37,68,169,48,106,111,97,72.5,22.2,25,52,18.6,59,86.8,36.5,63,84,22,68,89,99,156,51,236,72.5,98,39,142,87,98,85,119,54,92.3,48,77,31,165,52,50,129,81.6,126,97,165,223,188,247.4,102,97,49,229,194,33,84,28.7,52,40.6,119,180,79,705.1
1/07/1991,50,94,88,149,195,132.9,104,170,111,117,73,64,197.7,237,117.8,158.3,142.5,5,83,115,155,78.4,107,105.9,152,123,14,260,102.4,77.3,105,81,170,64,49.1,90,552,507,58,75,77.8,53,43,68,46,64,239,31,48,121,110,100,56,62,58,135,64.9,90.5,166.2,51,138,185,96,106,61,37,34,73,75,53,21,62,76,73,39,66,134,90,120,58,80,96,49,93.7,68,38,73,132,63,84.8,43.7,77,18.4,51,23,82,68,45,71,109,88,125,75,34,85,13,67,119,437,70,72,59,52,51,46,55.7,44,84,83,102,69,117,155,44,125,91,120,88,100,46,67,140,164,52,101,59,84,49,50,91,61,83,65.8,47.6,56,72,87,106,112,82,68,50,192,74.5,135,88,80,86,87,78,130,79,96.2,93,86,127,55,128,134,49,89.7,116,90,72,181,96,119,171,159,203,140,223,54,128,55.1,39,25.5,83,68,71,590.7
1/08/1991,43,73,53,109,116,175.5,84,126,105,63,70,78,229.8,111,134.2,130.6,101,81,94,115,114,35.4,47,98,63,155,21,120,68.3,33.7,114.9,33,71,19,54.4,40,352,324,26,30,79.8,72,20,49,38,14,34,67,17,149,95,10,6,17,67,110,11.5,33.2,145.7,15,41,59,43,33,78,0.5,34,72,14,40,0,28,41,21,5,40,33,38,35,4,55,50,8,26.1,15,156,30,45,13,47.4,7.2,31,21.4,14,10,5,11,27,20,46,15,181,17,15,37,6,20,29,319,55,16,39,35,34,17,51.8,15,45,17,49,42,39,26,53,5,16,45,0,40,24,45,43,26,46,53,49,26,60,40,56,41.4,24,14.6,55.2,29,19,17,34,64,48,64,14,70,8.5,5,36,23,27,35,69,46,30,49.6,24,39,25,41,37,25,32,40,88,96,68,63,66,122.6,46,76,47,67,34,63,49,21.5,61,20,49,60,62,537
1/09/1991,169,302,205,251,242,228.8,184,148,206,201,275,170,230.9,287,159.6,212.6,265.9,230.5,146,199,193,204,282,62,78,210,39,230,226.8,94.4,125.1,54,157,81,170.9,148,198,157,25,148,413.6,183,110,235,179,244,161,50,86,71,295,134,189,42,173,60,163.3,141.8,228.7,185,248,186,188,206,244,95.2,101,100,240,151,140,153,173,118,211.3,241,358,235,233,194,201,132,132,163.9,220,71,56,94,161,73.7,142,147,28.2,114,63,191,220,123,85,138,204,123,87,135,149,6,182,204,241,56,113,95,103,80,202,79.7,198,154,100,133,152,146,119,169,87,109,141,136,149,46,123,200,86,204,57,221,115,24,74,205,43.8,121.1,174.2,143.1,119,109,127,69,114,138,178,109,303,180.5,46,85,97,125,55,95,122,93,42.1,126,176,184,196,159,154,275,234.6,243,236,275,301,295,162,224,153,166,199,169,112,100,185.4,216,99,318,279,181,512.3
1/10/1991,156,218,75,273,201,183.5,186,253,194.3,213,286,239,257.1,227,194.7,146.4,205.7,233,178,222,262,261.9,146,160,127,266,242,164,280.5,177.5,67.2,96,331,27,88.1,70,109,92,69,246,169.3,157,39,153,67,135,82,93,142,43,209,156,155,68,131,16,98,192.1,563.5,62,156,157,81,111,112,99.7,21,66,44,56,100,146,20,84,159.1,148,202,163,185,79,89,62,131,172.5,157,107,65,83,79,65.1,65.7,134,37.9,95,46,33,76,27,87,124,178,174,135,157,185,3,171,150,300,141,200,93,85,118,190,54,133,227,90,132,128,39,83,128,51,90,116,71,77,43,83,198,100,85,62,176,11,5,68,102,51.8,57.3,58.2,46.5,91,72,45,90,86,55,69,39,166,16.2,79,106,65,50,70,59,76,87,89.8,67,138,126,83,190,173,118,243.4,396,400,68,59,57,133.3,230,98,44,38,150,137,128,123.8,128,122,97,285,118,577.5
1/11/1991,195,260,181,410,161,290.8,226,188,217,361,257,272,169.1,243,131.2,244.9,253.7,214.4,247,207,364,249.2,231,207,201,243,203,193,337.3,158.4,90.9,209,228,288,140.3,303,152,164,252,161,426,281,263,241,333,284,344,162,204,191,314,280,195,218,262,63,268.9,367.1,634,197,408,406,334,248,328,467.9,116,184,201,193,125,302,383,237,76,237,237,279,347,69,195,217,126,199.9,107,75,129,393,263,49.1,119.6,145,52.2,231,86,243,138,74,120,227,272,199,227,232,223,83,259,294,213,181,175,213,40,144,150,140.6,124,212,247,70,126,147,130,203,162,213,217,281,247,129,236,233,176,243,127,266,90,61,184,96,194.8,299.9,127.6,244.7,78,69,72,71,83,122,84,104,275,114.6,118,48,86,136,61,84,116,13,130.6,113,172,206,241,244,192,173,299.1,303,307,223,215,232,214.2,244,124.6,93,153,250,207,192,125.3,263,307,172,297,176,750.3
1/12/1991,142,143,101,63,114,110.8,132,109,93,136,152,118,219.5,112,179,133.5,170.5,49.3,20,87,128,120.5,80,22,26,56,48,79,54.8,45.7,7.8,32,47,199,220.8,234,104,87,116,382,145,271,315,162,390,272,408,182,302,117,147,273,172,190,216,0,365,685,537,287,421,330,154,185,382,343.3,143,160,226,236,52,169,126,131,25.5,131,219,145,303,17,101,130,28.4,92.7,32,0,172,248,86,21.3,49.4,89,32.6,192,49,99,78,65,36,116,122,335,193,60,156,54,189,145,90,142,58,104,40,55,70,88,45,83,47,44,77,55,56,242,74,70,312,129,92,79,160,201,140,113,43,160,145,56,116,51,129.1,111.3,57.7,84.5,38,44,91,24,48,117,69,98,150,59.7,25,19,58,61,67,38,45,19,45.6,73,285,83,143,196,67,117,285.1,223,263,110,106,96,185.2,99,114,92,126,167,136,96,128.4,33,249,200,202,118,797.3
1/01/1992,93,69,40,15,15,26.7,26,8,11,55,44,15,61,60,44,32.1,57.9,29.6,22,146,34,69.8,107,30,24,5,0,30,87.7,0,1,0,130,101,82.8,134,95,74,58,168,95.6,16,194,86,148,56,202,233,54,64,52,143,51,200,31,20,160.2,234.7,484,73,157,256,163,96,193,182.7,35,128,111,136,55,137,50,45,100,133,141,55,143,30,99.5,105,39.4,38.3,76,67,37,208,105,17.1,31.7,93,1.5,157,11,70,57,10,16,129,191,280,132,151,44,13,160,148,54,14,24,17,43,73,172,45.3,88,79,21,22,2,19,11,82,16,20,158,83,78,65,86,74,70,20,17,28,38,57,55,10,46.1,13.2,39.6,68.4,33,12,25,17,20,20,78,12,106,44.8,12,11,10,76,10,79,98,25,1.6,23,51,65,99,168,39,22,109.5,158,125,42,107,36,82.4,73,61,39,31,39,66,35,61.7,45,103,41,49,73,683.5
1/02/1992,108,88,60,58,28,50.9,110,31,45,70,34,3,83.4,49,161,81.6,76.6,83.4,18,115,36,110.4,10,96,63,26,26,11,40.9,12.4,31.8,20,65,36,116,215,103,114,76,129,150,174,256,165,172,150,202,180,185,99,120,325,122,74,141,56,157.1,182.5,290,89,59,123,91,92,243,199.2,61,164,115,169,109,120,186,84,67,122,149,133,180,77,114.1,97,102.1,88.6,119,93,66,175,70,50.4,66.4,127,15.1,64,36,72,133,70,29,113,142,113,105,48,148,46,92,178,197,102,89,128,60,73,116,99.4,162,182,60,154,95,165,169,92,105,91,163,63,154,26,97,122,86,151,137,68,120,59,73,119,38.8,71.3,42.5,61.8,93,144,137,115,84,138,86,33,178,71.6,164,180,90,97,155,89,91,63,204.2,141,136,205,111,103,156,92,133.3,113.8,112,139,124,108,83.2,89,99,80,95,53,101,57,84.8,60,133,80,153,80,598.3
1/03/1992,64,102,42,166,42,80.7,110,76,113,81,35,41,211.2,168,147,153.6,150.1,65.3,123,82,117,24.4,71,95,37,77,14,122,128.8,19.6,9,12,34.2,40,85.7,246,111,96,39,132,96.3,35,100,103,62,73,164,165,36,98,66,44,88,105,82,72,114.9,94.8,415,26,59,315,104,2,91,115.3,13,92,81,140,28,105,35,29,11.5,149,156,99,175,23,16,25,25.7,18.9,23,48,13,51,39,58.9,32.8,43,38.2,72,46,44,51,63,45,80,69,111,73,64,126,15,61,110,120,35,63,82,53,84,60,93.8,73,94,34,99,101,62,56,126,119,42,144,79,224,25,100,128,78,126,62,195,58,19,63,66,29.6,113,173.2,142.7,30,53,18,66,70,27,125,37,104,18.9,38,83,60,30,19,36,74,16,39,31,91,129,208,76,89,97,198.3,124,195,113,89,111,114.3,117,81,53,51,87,124,44,36.1,176,85,131,171,111,561
1/04/1992,74,209,48,127,117,163.3,96,124.5,137.9,231,105,140,326.9,172,119,123.1,132.1,67.8,49,133,204,56.1,91,94,65,55,85,117,90,99.8,20.4,8,173,39,82,311,252,216,103,119,85.9,108,97,273,165,141,176,201,140,108,230,238.8,153,86,163,83,76.4,177.5,419.6,122,295,232,321,104,345,229.7,49,112,169,177,138,216,218,94,88.5,216,279,248,336,87,173,142,115.9,167.1,170,153,82,159,111,92.3,110.4,179,37.2,76,68,117,78,113,93,140,241,219,156,151,186,58,221,97,225,97,99,85,96,117,145,89.2,164,193,77,117,107,156,259,114,167,96,178,160,130,43,144,95,87,97,181,188,99,90,33,85,58.2,173.8,109.2,124.2,114,105,117,153,152,125,104,70,204,130.1,123,119,164,144,113,139,78,79,164.7,126,78,221,185,101,168,188,114.9,168,165,95,186,64,143.5,156,188,120,110,105,97,125.6,58.8,149,59,66,154,224,553.2
1/05/1992,160,260,198,266,471,226.8,258,364,353,327,274,328,402.5,353,220,255.5,322.9,216.1,242,240,385,271.2,227,278,174,495,174,250,351.4,196.4,118.7,89,220,20,80.7,133,190,143,52,61,196.3,108,61,133,104,179,198,162,102,76,162,180.2,91,7,119,54,107.5,167.2,312,77,142,294,153,137,156,84.1,27,98,144,82,104,81,133,81,61.4,254,377,188,304,86,137,46,75.5,74.3,57,47,13,30,39,34.9,49.6,35,70.8,10,82,64,134,78,88,47,27,61,35,29,119,5,52,111,151,47,67,140,59,44,47,33,70,127,133,71,120,150,131,122,91,118,114,154,84,28,245,179,53,155,122,150,87,69,42,218,54.2,145.1,134.7,51.9,131,88,52,41,42,94,86,49,180,76.1,91,55,65,132,78,64,164,87,117.5,47,86,144,220,87,151,115,170.6,220,108,92,150,119,170.9,178,186,133,185,148,93,171,106.6,178,109,292,209,276,636.8
1/06/1992,38,102.4,32,120,134,129.1,70,120,116,85,151,42,268.9,94,106,75.3,105.2,60.2,110,26,153,51.3,68,42,55,78,61,180,49.2,78.6,94,32,127,4,21.1,66,312,258,12,47,68.6,66,18,111,43,86,107,122,77,54,90,77.3,64,0,45,33,43.9,52.2,199.3,4,56,108,102,30,52,12.5,21,34,58,41,27,53,86,12,7.6,105,86,64,57,0,65,37,25.3,34.4,34,0,14,23,15,10.6,6.3,15,30.6,9,67,33,22,46,6,23,26,12,10,53,109,9,49,39,135,29,40,12,32,25,63,13.8,29,42,33,61,100,80,45,46,62,24,13,41,41,30,142,70,20,23,42,45,38,12,32,52,25.5,87.8,4.2,4.6,22,20,48,61,102,42,68,13,98,43.4,25,43,56,49,15,87,114,19,24.5,42,74,89,121,29,58,59,50.9,91,59,89,87,130,125.9,117,41,33,104,291,73,45,50.7,3,37,91,73.03502644,148,592.7
1/07/1992,61,117,40,165,106,82.5,65,158,144.3,113,109,65,265.3,109,119,110.3,125.1,152.4,115,195,125,77.1,266,124,162,104,119,221,114.1,130,105,66,61.5,2,36.3,33,616,574,23,32,16.3,34,5,18,28,3,63,99,34,151,120,96.8,17,2,34.5,154,25.7,32.3,135,37,53,57,63,30,35,30.4,36,35,51,75,24,29,50,13,18.5,16,4,34,28,15,16,103,20.2,22.6,0,15,44,66,19,51.1,19.8,21,24.3,19,22,46,17,7,59,50,17,226,33,20,48,15,34,60,81,69,47,24,5,10,27,43.1,18,34,32,76,43,87,41,63,70,28,56,60,34,15,64,117,52,57,49,76,105,44,25,191,49.4,53.1,30.6,24.2,55,59,92,46,38,76,77,48,86,103.5,46,51,47,85,44,35,187,42,61.2,65,71,77,161,88,61,88,85.8,100,102,81,160,69,73.8,76,98,79,57,178,46,108,66.2,65,44,57,86.59484555,188,498.5
1/08/1992,132,188,116,221,486,240.6,145,254,266,176,211,195,356,234,179,194.9,228.6,194.6,187,188,193,171.1,159,95,129,177,94,159,128.5,105.1,116.1,117,213,7,24.8,10,375,331,10,35,51.1,0,11,16,55,86,83,57,20,73,105,54.8,44,0,13.4,95,22.3,35.7,107.1,57,74,102,29,55,72,53,15,27,42,26,0,76,40,33,18,36,45,69,90,11,27,30,6.2,8.2,0,26,7,20,10,8.8,22.1,16,33.9,7,30,23,25,49,23,16,8,21,7,15,27,30,36,19,54,38,17,6,22,13,14,23.2,7,15,39,93,69,71,27,47,84,30,45,30,58,1,83,110,34,53,30,87,30,14,12.5,29,10.6,68.4,11.8,44.8,15,27,23,55,92,69,58,19,109,33.1,25,75,57,24,10,72,115,2,34.6,23,80,65,121,48,67,43,90.6,78,85,50,120,77,118.9,93,120,115,68,178,68,60,49.8,51,50,138,110.9883646,137,500.2
1/09/1992,150,205,192,230,224,252,208,385,375.7,191,368,222,407.4,258,147,159.6,217.4,173,183,204,231,223.2,235,85,193,237,174,335,193.1,121.4,125.2,147,271,103,51.7,150,123,108,87,73,150,69,87,92,130,127,155,181,197,76,79,115,99,57,96.7,19.9,52.1,75.8,175.9,152,154,172,96,117,157,189.2,88,86,47,83,92,83,197,86,244,136,187,121,318,162,137,82,251.6,82.4,190,115,50,144,142,145.7,190.6,126,89.6,143,116,92,149,126,174,151,193,99,115,253,146,35,225,89,234,40,80,119,106,120,232,74.7,197,116,67,115,163,153,160,103,214,76,63,84,116,36,129,181,67,246,153,89,123,45,70,129,57,107.7,97.7,177.6,119,130,76,108,93,143,251,68,236,73.7,141,72,123,66,67,83,143,59,156,107.9,179,204,223,234,176,171,169,158,197,130,246,122,118.9,166,154,132,237,152,128,91,108.4,59,108,184,165.4307285,232,540
1/10/1992,87,219,112,224,233,395,106,150,215,154.2,208,241,270.9,215,136.3,122.9,242.6,207.7,98,197,289,170.2,112,65,95,67,101,162,166.1,72.4,121.8222412,51,211,32,48.5,48,108,88,33,55,171,98,28,184,109,150,149,223,127,26,100,113,181,11,129.5,48.5,98,111.4,392.4,125,201,243,293,282,75,78.2,40,67,63,76,126,67,127,20,38.9,156,232,197,343,58,104,54,47,97,56,139,45,109,73,74.3,52.9,100,84.3,74,78,100,118,45,71,94,129,46,69,78,75,14,89,80,166,24,97,69,63,48,168,72.7,75,79,70,79,142,146,46,99,139,64,44,83,54,33,79,177,73,61,55,80,75,5,56,105,13.3,183.3,70.4,81.2,57,49,49,41,74,70,124,59,269,42.1,37,46,106,38,34,96,177,45,75.5,64,98,109,229,70,168,104,257.6,140,195,195,223,164,197.5,84,249,161,99,84,89,31,106.1,125,35,142,136.7391417,148,549.3
1/11/1992,161,214,212,400,166,190.4,243,193,224,165,197,155,174.5,158,110,118.6,151.7,193.3,206,158,273,176.1,114,133,208,284,192,173,290.3,137,128.6,39,141,235,208.1,401,161,154,242,348,213.1,166,375,240,442,193,305,314,221,161,228,263,177,263,213,133.8,299.2,311.4,648.8,345,419,388,145,346,473,464.1,117,227,302,244,233,268,178,264,118.8,245,277,210,351,209,201,428,280.3,246.1,286,193,183,449,370,64.6,174.3,331,131.6,337,141,65,164,171,118,293,419,312,393,410,227,101,424,250,285,209,112,134,158,144,447,150.9,287,194,85,91,355,123,119,289,123,117,201,146,152,100,529,158,146,131,158,254,77,186,103,116.4,165.9,163.2,115.6,109.6,47,126,114,83,84,147,139,48,222,83.1,73,90,107,176,107,100,200,85,95.3,102,252,258,233,392,252,220,294.1,281,458,192,150,231,224.8,211,125,91,126,190,154,146,163.4,397,270,172,192.2168282,201,645.4
1/12/1992,129,174,264,107,91,149,192,189,128,187,188,86,161.8,95,132,164,133.9,0,119,69,141,76.4,64,56,13,143,84,83,115.2065124,20.7,59.3,75,136,144,268.6,252,112,139,178,304,301.9,302,302.5,233,204,236,245,320,167,161,156,133,234,324.6,299,54.6,389.1,264.4,650.3,344,385,270,110,228,255,356.3,135,273,258,276,95,230,384,170,73.9,167,196,200,388,23,176,277,71.4,144.6,105,65,161,209,93,59.8,66.7,92,118.8,173,114,122,118,136,86,193,156,242,218,127,158,122,293,211,260,132,113,100,160,117,162,171.4,123,221,42,65,79,63,98.95024415,86,98,34,162,45,65,91,446,113,140,58,59,154,192,84,158,96,73,90.1,88.7,129.7,29,90,37,46,50,62,58,64,139,19.6,68,43,58,47,43,89,89,55,45.3,29,153,47,64,184,117,96,202.8,286,578,52,61,59,165.3,77,93,43,66,95,157,83,116.9,199,119,141,108,104,847
1/01/1993,102,120,150,149,131,155.3,125,192,133,77,158,45,173.9,113,88,108.1,146.3,106,84,158,236,177.1,50,56,80,166,60,56,109.1,45,92.8,13,202,164,206.3,158,96,90,181,246,145.1,95,219,199,292,135,259,222,267,148,132,186,317,175,159,84,307.6,236.5,467.6,169,360,359,148,116,295,273.6,118,156,160,204,151,126,278,186,101.1,170,7.9,205,261,57,187,266,106,169.9,74,67,123,214,106,68.1,71.5,73.9,79.4,181,52,21,78,35,43,109,145,131,269,123,122,81,163,139,148,109,89,30,38,15,115,95.3,54,97,108,21,52,51,70,152,135,124,262,22,71,91,446,63,131,119,78,64,63,114,132,103,79.6,52.9,58.7,72.5,61,25,16,37,37,95,79,32,224,33.8,10,9,49,88,12,68,80,27,35.2,32,147,185,52,280,118,92,218.9,261,292,85,117,94,71.2,151,130,185,102,159,154,96,153.4,266,209,65,104,241,774.6
1/02/1993,54,112,87,130,94,42.9,26,38,84,134,32,27,73.2,200,39,47.9,78,142,17,30,15,8.8,18,30,0,7,0,31,13.4,9,0.7,0,41,141,94,91,80,88,164,322,183.2,176,221,202,285,155,297,310,232,110,150,223,188,112,139,44.9,228.3,350.4,427.4,100,219,178,89,113,337,207.9,70,132,95,169,118,225,77,133,65.6,168,17.2,148,231,98,110,125,84,127.6,126,147,103,168,224,28.3,125,149,48.2,148,59,64,135,33,89,130,184,185,266,189,90,37,215,134,120,60,47,65,62,79,169,78.9,183,95,85,57,67,96,111,155,79,113,117,59,136,45,98,150,112,86,53,139,31,100,98,56,38.7,72.2,66.6,106.2,33,66,38,58,66,90.4,99,76,201,25,60,56,70,67,57,100,100,22,50.5,50,213,110,89,223,136,58,132.2,74,470,128,79,152,172.9,52,73,80,54,94,95,48,45.1,175,129,43,116,84,655.5
1/03/1993,176,176,222,217,176,120,211,173,192,441,147,110,369.3,202,240,171.9,298.2,154,132,149,193,129.3,194,124,155,207,49,124,121.1,64.4,28.8,57,203,167,182.5,291,213,183,142,199,301.2,121,212,355,293,164,226,450,142,167.5,210,240,201,148,148,99.7,250.6,262.2,418.3,210,280,324,214,80,197,257,104,199,131,139,71,205,186,213,133.1,305,23.3,176,225,148,126,114,139.4,123.9,174,61,101,123,150,145,120.2,101,134.9,93,149,121,153,76,152,198,173,228,175,140,142,68,120,155,231,192,97,132,144,133,236,150,111,162,103,166,173,116,193,218,195,175,127,157,105,91,199,206,169,169,78,135,92,108,82,174,89.6,114.5,134.9,176.2,119,70,69,74,79,149.4,248,134,308,69.3,65,123,90,136,89,131,332,98,70.7,131,202,252,229,191,267,224,236.4,189,360,184,287,190,168.8,236,272,102,303,250,151,115,88,122,170,161,209,229,683.3
1/04/1993,208,310,241,316,183,233.9,180,305,271,627,194,171,322.9,289,195,199.8,242.7,318,122,322,326,316.1,214,176,163,375,201,217,214.8,176.5,66.3,149,354,107,204.9,290,201,157,103,314,345.6,306,289,378,251,158,366,425,282,92,280,323,188,149,327,75.1,308.3,314.8,390.6,266,374,491,150,296,156,192.3,89,88,207,300,294,208,458,156,212.6,431,37.6,297,536,226,222,127,210.5,221.9,144,154,111,121,311,84.8,157.2,177,209.5,125,103,107,342,120,141,181,243,225,159,178,195,56,154,207,271,171,160,196,112,107,252,147.9,148,197,104,137,162,139,291,255,230,120,280,228,233,122,329,245,198,177,201,271,217,65,152,124,143.9,175.9,128,100.1,147,160,192,170,117,180.4,183,178,295,196,172,95,209,243,147,152,282,190,172.7,205,317,276,286,325,217,289,290.2,323,344,196,171,250,245.8,166,191,166,155,135,239,207,180.9,249,222,119,273,147,1090
1/05/1993,252,284,277,301,389,362.6,320,347,324,693,464,289,370.1,380,350.6,295,355,171,140,192,380,302.6,127,147,255,423,235,139,273.2,164.1,135,230,342,88,166.5,237,214,177,127,179,229.4,108,179,307,189,224,225,320,246,99,317,194,188,108,165,124.4,231.2,240.9,234,199,320.5,259,77,114,287,276.9,131,127,183,168,144,219,362,226,168.6,260,25.3,304,269,98,245,229,176,120.1,203,12.3,160,157,152,148.9,74.7,171,148,125,87,250,244,153,194,173,136,175,156,174,155,38,221,274,249,240,145,146,115,171,258,146.1,175,160,113,123,219,116,207,223,149,149,195,125,98,110,142,290,134,162,108,149,152,129,102,144,109.8,148.5,132.1,106,175,76,51,128,103,175.3,126,143,296,75,83,93,125,261,71,140,166,56,112.1,97,344,243,332,446,199,217,210.5,293,405,185,261,237,342.7,368,231,215,266,232,173,235,207.1,272,295,249,244,155,1499
1/06/1993,19,179,54,206,248,117.9,28,154,53,128,45,53,160.3,250,143,188.3,135.2,154,111,98,240,71.2,119,105,80,95,54,89,150.9,67,41.2,67,139,10,21.7,22,379,398,7,16,100.5,18,8,43,15,46,62,33,20,128.5,61,55,27,0,50,102.3,14.6,16.2,57,46,38,88,70,50,26,32.9,15,20,90,14,7,10,15,0,18.5,95,15.2,53,108,19,25,31,29,34.1,39,5,15,26,5,3.7,2.1,17,10.1,7,9,37,14,16,37,29,30,55,37,11,39,10,25,63,65,59,16,82,63,63,27,24.6,12,40,34,135,39,90,90,40,51,34,4,27,21,19,21,94,27,32,76,52,20,63,22,83,22.8,26.9,51.8,30.3,43,52,26,42,37,57,113,52,71,36.4,57,91,42,32,62,26,99,34,69.8,48,96,102,131,70,127,108,72.6,169,240,75,180.8,120,96.2,164,102,67,58,83,45,36,46.1,42,26,71,96,154,824.6
1/07/1993,97,97,117,179,112,152.4,90,174,180,117,145,94,355.6,164,266,137.7,145.2,115,178,151,126,108.5,95,126,125,156,209,115,160.1,113.1,99.2,89,101,5,16.8,90,412,375,15,33.6,81.2,48,11,40,31,37,66,76,42,148,47,77,25,0,22,140,21.3,33.1,121.5,13,65,132,82,55,31,34.8,19,26,42,29,0,22,35,14,53.8,78,85,158,58,26,53,63,44,52.7,56,2,16,42,10,13.1,24.8,32,11.6,9,39,57,9,30,74,18,20,29,17,9,47,9,20,53,89,43,14,13,0,37,62,19.4,25,59,48,79,25,29,41,22,69,39,50,34,70,33,17,136,29,33,35,50,14,44,40,2.8,30,39.9,44.6,49.1,21,19,34,36,45,80,81,21,103,35,23,85,31,47,10,55,101,42,38.7,36,75,67,57,54,33,106,68.7,113,183.6,49,183,86,67.8,147,183,102,99,213,52,72,44.8,81,49,60,141,139,645.1
1/08/1993,78,116,249,227,164,138.4,102,313,215,99,194,127,384.8,180,116,149.5,207.1,239,229,220,216,135.9,171,154,62,117,86,234,238.7,108.6,105.9,103,132,0.8,16.9,35,242,214,11,7,62.7,23,30,70,17,69,88,43,39,70,35,40,22,4,13.5,59.3,42.3,9.6,123,28,117,67,122,12,28,30.9,5,27,17,16,16,42,0,0,38.6,80,47,52,53,49,18,28,52,9.2,3,4,28,16,6,9.1,5.5,13,15.1,8,3,37,5,21,28,33,33.68938813,17,9,5,49,10,30,26,56,37,13,20,31,14,16,16.7,30,42,46,79,49,32,105,39,27,55,11,47,34,12,15,61,17,14,63,23,124,15,24,4.2,28.7,53,39.1,61.1,7,81,100,67,49,61,38,0,66,35.1,89,75,52,57,104,34,69,101,71.3,54.8,130,77,66,8,87,59,48.8,102,80.28906151,114,226,118,109,77,117,161,56,72,69,79,87.5,15,65,68,85,103,516.5
1/09/1993,210,328,483,503,353,327.9,264,302,399,300.5,367,306,476.8,315,222,345.9,443.8,281,188,232,399,352.9,319,333,196,227,285,270,285.6,258.1,152.2,160,318,4.2,81.7,112,196,155,82,105,170.9,94,71,195,153,170,109,270,62,87,131,129,165,40,128,41,139.9,74,259.5,116,178,254,164,105,229,174.2,66,62,76,142,69,53,62,57,142.4,171.1,209,81,165,105,131,139,127,150.6,143,109,77,167,129,99.8,144.6,140,148.6,122,142,122,114,191,67,134,156,100,151,137,205,70,186,127,269,130,189,129,173,108,228,69.6,132,108,167,126,149,93,147,117,193,197,47,177,181,50,96,303,121,183,154,192,107,25,119,9.5,49,190,151.8,183.8,140,89,70,132,118,199,132,133,129,117.9,135,93,117,194,91,134,201,79,119.3,97,220,187,294,16,143,260,199.6,294,380,206,285,230,300.5,127,265,140,153,162,157,235,235.2,154,247,113,208,147,745
1/10/1993,186,304,278,612,327,366.9,151,253,215,159,206,214,292.3,260,311,226.7,326.2,223,196,329,334,181.2,204,213,264,227,216,237,341.8,91,75.1,60,334,7.9,164.1,181.8,141,152,146,136,310.1,290,159,309,185,274,110,156,214,156.5,212,192,333,123,194,81.5,180.2,189,533,208,291,269,355,210,245,200.9,134,110,145,171,29.5,127,380.6,136,97,262,28.4,190,349,68,223,232,110,293.3,181,48,83,261,109,102.2,61.6,125,151.9,157,57,103,103,134,111,169,205,79,221,125,241,52,208,228,305,140,197,124,66,116,238,131.3,205,183,63,98,160,220,96,159,120,92,147,62,86,95,213,272,141,89,125,171,12,80,158,102,150.2,142.4,62.3,89.2,58,142,135,92,98,112,157,31,154,81,163,53,134,114,155,117,155,89,102.3,116,156,109,118,248,80,95,237,240,189,142,234,166,181.1,313,221,133,106,178,98,116,121.4,217,240,145,277,357,790.5
1/11/1993,318,304,211,458,243,253.9,315,362,310,359,348,164.8,319.4,269,248,204.9,263.6,239,225,217,263,403.2,178,120,174,136,229,320,231.4,152.6,128.6,131,298,17.7,395.4,44.6,161,158,201.2,309,431,54.9,267,424,34.3,262,287,453,320,202,450,344,342,363,64.2,195.5,353.6,91.5,908.8,451,385,406,447,364,84.9,354.2,172,247,296,269,47.1,299,978,298,316.9,393,36.6,488,549,294,443,343,281,493.9,411,283,288.2343449,391,323,131.6,281.1,294,136.3,555,169,234,128,112,152,309,367,253,303,280,313,156,302,467,618,298,306,231,110.6,189,366,205.9,349,299,191,172,251,200,214,241,226,233,354,87,172,194,298,285,180,252,162,287,63,197,211,197,227,168,197,140.8,172,237,123,200,186,221,211,174,287,177,223,173,264,333,165,190,362,66,185.8,172,415,299,270,337,249,217,475.9,311,344,298,157,331,309.7,272,310,187,227,226,296,217,240.4,368,433,217,380,168,1404
1/12/1993,144,130,134,185,184.5,260,174,62,86.3,167,104,95.1,185.2,146,128,139,176.3,112,132,54,159,68.7,122,79,121,156,54,71,113.4,106,55.2,53,78,17.4,189.7,25.6,126,86,188,235,458.7,31.4,317.6,482,37.2,168,407,443,37.7,68,195,437,306,146,26.2,60.7,268.1,76.8,652.8,426.5,478,423,382,115,39.1,193.4,108,156,164,254,8.4,351,148,149,111,420,16.6,229,473,82,186,138,79.3,114.8,120,120,151,184,116,62,56.6,207,110.8,118,67,80,17,64,52,181,335,120,237,135,196,73,208,220,367,145.771189,104,60,79.9,51,197,166.6,94,121,142,110,88,68,89,146,129,125,187,80.6,204,61,230,250,90,96,104,122,5,126,71,101,111.9,99,52.8,59.8,47,58,57,86,49,101,97,72,163,52.5,86,72,85,67,55,41,101.8788025,25,133,65,195.5,175,162,295,110,143,211.8,262,264,197,205,266,319.9,131,145,67,126,94,100,75,131.4,461,156,168,206,133,1519
1/01/1994,180,192,178,160,335,116.4,197,149,146.4,122,126,151.6165781,231.5,145,173,88.8,151.1,197,95,180,225,57.4,58,108,3,148,50,67,107.9,15.2,39.3,41,90,21.4,234.2,33.5,106,117,223,326.4,222.4,26.9,291,225,31.9,303.5,341,410,121.1,172,266,291,466,212,26.8,118.3,334.4,79.1,552.7,248,220,402,243,257,28.4,156.8,121,177.9512079,199,225,27.1,189,358,255,182.7,192,20,169,371,75,306,171,104.7,135.8,145,89,197,314,94,116.2,89.6,131,57.1,173,80,168,40,74,57,164,252,257,426,122,224,168,226,190,224,172.4158767,98,204,54,80,303,237.4,191,188,72,74,69,82,121,259,144,71,234,39.9,169,114,234,251,213,148,103,231,14,153,154,161,163.6,196,123.5,146,70,71,45,39,49,134,97,69,142,118.498381,51,41,38,84,81,71,111,53,73.4,64,274,212,149,416,209,138,232.7,167,91,96,201,136,152.7,181,144,93,127,134,52,44,65.6,470,208,154,104,47,1128
1/02/1994,87,146,118,119,46,106.8,147,120,79.5,100,58,66.4,208.9,114,211,97.2,195.5,46,19,111,68,63.9,142,41,47,19,42,64,63.1,58.7,56.9,79,190,12.5,132,14.3,73,63,50,146.6,97.9,22.7,186,117,15.5,171,219,330,150.5,82,109,89,192,85,10.8,44.6,90.7,101.6,273.6,126,219,183,257,82,8.6,70,55,104.4174085,65,89,25.7,154,95,86,191.8,187,19.9,118,359,89,104,127,117.1,92.2,131,77,144,127,45,114.3,103.6,164,110.8475666,82,108,19,57,111,56,156,155,202,196,43,140,61,67,152,231,50,96,136,131,160,148,78.6,109,103,94,102,194,133,44,141,148,69,200,60.4,80,63,189,183,84,139,88,123,93,92,77,160,131.9,78,42.4,79.6,87,45,84,66,107,109.6192297,131,33,191,101.042955,47,50,76,176,86,118,133,41,73.3,97,114,148,136,140,110,65,132.2,226,149,81,163,108,133.7,101,165,140,84,41,84,74,62.2,117,93,162,137,89,1006
1/03/1994,108,324,278,260,136.6,138.5,146,226,163.4,265,159,100.2,234.3,231,267,174.9,222.1,213,123,42,224,95.5,122,68,69,142,146,129,240.8,35.2,35.3,73,243,285,194.6,26.8,149,114,245,286.3,211.5,28.1,280,211,26.4,138,288,285,83.1,123,227,326,206,160,23.5,112.3,228.5,82.1,554.8,170,333,587,346,199,37.7,168.8,176,189.7204887,121,227,19.6,244,270.6,215,219.7,370,28.8,282,431,265,266,149,235.6,237.5,187,209,119,250,254,127.1,125.1,162,127,147,167,200,81,136,121,260,173,214,359,292,272,149,243,340,369,208,167,155,100,142,311,254.9,288,149,175,172,267,231,169,203,211,183,303,130.5,254,93,240,320,177,251,139,306,82,131,130,158,153.6,230,269.4,177.3,91,110,101,117,105,147.7,130,102,273,87.7,134,142,106,137,81,127,147,36,92.8,134,226,279,170,326,239,139,281.4,262,199,166,171,193,212.6,184,176,118,101,412,138,128,128.3,224,257,189,276,203,1134
1/04/1994,242,349,258,141,243,211.9,341,402,238.1,252,261,187.5,329.5,332,285,266.3,251.9,172,141,203,245,295.7,180,123,191,146,154,176,283.5,157.2,75.5,52,241,142,182.1,223,198,184,148,258.2,211.8,336,226,33,52.6,309,398,207,181.8,125,424,420,262,150,30,104.6,253,261.4,539.7,234,324,340,384,370,34,196,96,208,160,170,27.4,306,351.6,166,429.6,370,35.6,322,418,317,398,177,296,226.2,384,235,194,134,354,177.9,264.7,213,185.7,198,159,146,227,118,235,193,243,153,207,217,244,99,208,213,272,158,174,162,184,203,272,155.4,304,155,158,140,222,191,202,265,252,159,172,174.5,202,78,194,308,170,277,120,223,52,94,122,115,119.1,200,177.9,164.9,158,159,109,104,104,193.5969003,150,123,180,104,170,120,196,160,157,66,159,101,135.9,141,152,213,187,214,230,143,324.2,203,224,279,215,354,248.7,253,206,145,298,224,153,196,213.1,218,304,206,327,225,1543
1/05/1994,114,296,235,204,116,118.8,189,331,208.9,204,141,232.6,274.2,204,162,188.2,251.7,277,261,123,199,246.3,150,212,152,108,206,204,114.8,109.2,100.5,88,195,134,145.6,279,329,306,118,134.2,325.7,166,123,330,229,220.8,321,280,204.8,110,201,238,186,49,47,108.7,154.5,179.5,298.1,124,159,315,167,161,182,111.5,131,164,95,138,13.3,178,161.6,102,209.6,328,322,310,507,186,128,105,604.4,205.6,342,152,99,154,135,52.5,96,139,72.5,95,89,153,173,165,81,123,136,83,111,115,190,50,113,186,428,119,187,235,135,142,216,91.7,131,181,172,82,166,153,165,178,194,177,151,149.9,139,68,111,185,150,149,143,169,127.1,131,127,139,110,107,108.9,194.8,88,81,95,73,173,73,118,86,237,159.8,83,72,126,118,102,129,92,24,96.1,119,147,167,295,136,114,109,266.8,279,201,109,86,186,343.3,96,186,198,100,176,91,179,104.5,278,171,99,152,131,1309
1/06/1994,25,195,216,191,93,164.8,81,149,105.4,69,134,133.3,310.9,198,241,177,244.5,130,103,191,191,143.1,99,79,63,81,87,137,162.3,119.7,76.5,77,120,35,11,34,443,365,24,47.5,69.8,40,8,90,84,104,96,225,38,139,120,46,99,3,6.6,119.6,43.4,30.6,217.3,16,157,213,123,5,149,70.2,40,55,33,79,4.2,62,103,10,33.6,148,190,161,197,20,83,42,575.2,35.7,40,24,16,14,0,20.4,4,10,76.6,4,45,68,16,44,13,27,15,36,34,58,44,12,24,57,111,23,62,13,16,37,17,46.2,75,59,23,49,37,76,35,29,55,44,70,93,39,11,22,186,19,25,65,22,71.5,33,27,42,36.1,75,17,26.3,27,57,19,37,50,64,73,46,72,65.1,17,17,75,65,32,69,112,32,47.9,42,42,61,65,56,31,55,98.6,84,154,29,182.4,73,134.1,108,48,87,100,73,120,120,32.2,137.7,28,74,199,114,1028
1/07/1994,53,142,173,174,118,132.5,131,167,161.9,140,55,113,372.3,55,81,96.1,128.1,168,82,143,148,59.1,83,82,35,41,65,132,84.7,33.7,25.9,44,172,22,42.2,49,472,395,9,22,29,0,4,79,57,96,30,78,31,215,61,111,68,42,1.9,105.3,12.3,43.1,32.8,20,88,25,43,1,72,34.4,21,44,47,24,25,70,25,31,26.8,66,60,24,55,44,103,34,574.4,30.1,22,10,16,23,26,15.9,13.6,13,26.5,17,33,36,58,38,4,22,5,26,24,17,22,4,5,28,106,37,22,7,15,15,34,14.3,26,19,6,45,58.55706435,67,21,10,13,16,36,55.9,26,10,31,43,33,55,42,81,61.2,42,19,25,23.3,8,51.5,40,14,46,11,55,47,48,52,6,85,8.5,58,50,85,15,17,19,43,0,62.4,28,15,42,216,23,9,82,31,93,83,115,123,102,115.5,91,25,48,163,77,64,79,37.8,94.2,39,40,67,33,697.2
1/08/1994,45,147,187,325,179,201.9,80,265,98,150,55,171.7,292.6,192,221,139.2,217.3,286,193,202,326,146.5,191,168,201,276,114,169,232.5,127.5,113.5,138,205,0,13.8,20,458,423,20,13,32.5,43,8,59,0,96,79,14,15,126.2,64,19,90,0,1.7,85.4,12.3,4.8,45,10,20,26,17,2,2,1.4,11,50.92653235,23,16,34,15,56,0,26.7,46,35,71,50,8,22,42,571.2,11.4,20,0,18,18,14,9.5,30.7,9,27.2,7,52,19,47,17,49,18,22,20,14,27,43,2,20,25,73,20,27,20,35,47,12,9.8,4,15,42,113,88,101,43,16,54,58,11,45.4,68,3,13,59,8,38,69,18,46.5,16,5,62,10.9,15,47.9,40.8,28,108,61,75,79,77,157,52,111,47,165,104,112,39,94,69,126,40,119.2,50,21,27,221,22,44,92,34.8,101,79,80,101,114,112.5,122,43,167,56,129,78,75,56.3,99,33,149,75,77,543.6
1/09/1994,135,157,235,302,207,180.2,122,141.5,133.6,306,103,201.4,132,208,188,235,294.3,187,314,229.5,268,160,178,289,87,269,152,254,211.4,106.4,108.3,88,248,150,108.2,53,230,212,45,60,43.4,17,79,91,88,123,72,205,89,86,90,101,32,66,22.8,63,138.5,97,221.8,140,179,123,157,147,108,110.4,97,98.69960184,68,85,63,93,142,90,44.6,110,100,27,117,98,41,119,559.4,45.7,120,32,84,121,138,36.2,0,103,73.7,62,80,31,44,84,0,90,127,82,150,122,52,87,148,128,168,54,72,128,122,102,130,41.7,159,38,78,147,81,44,76,107,86,93,88,133.4,60,51,79,86,208,117,58,71,101,6,73,40,67.5,92,37.6,64.7,84,78,27,92,55,88,113,51,88,26,56,122,91,54,16,86,103,0,87.7,50,98,57,131,171,51,69,121.6,216,166,58,196,82,72.5,284,184,186,86,285,114,104,111.7,215,150,221,160,105,552.4
1/10/1994,224,281,586,336,340,282.3,351,297,319.2,317,387,250.8,237.2,269,300,230.5,248.9,301,150,266,282,295.4,151,293,158,199,297,285,212.8,232.5,181.5,190,331,292,199.2,266,170,184,185,24.1,200.6,327,216,181,310,237,282,254,225,210,251,189,223,233,17.5,139.2,158,272.1,613.6,316,266,343,341,263,296,300.2,132,230.8215189,283,264,90,253,349.4,256,203.2,213,265,183,240,110,114,186,578.3,142.2,497,162,178,271,257,179.6,209,246,157.2,178,156,198,162,179,77,257,193,149,290,186,188,215,237,321,385,133,154,205,144,148,214,221.4,297,124,192,153,189,201,193,399,207,219,249,102.3,298,162,338,383,285,314,190,296,125,165,176,138,219.1,176,250.8,250.7,173,203,157,138,140,207,170,189,260,123.6,187,126,173,252,181,153,204,64,159.7,184,203,268,313,347,306,229,552.7,414,369,235,258,211,176.1,340,238,218,201,287,193,273,300.6,274,334,433,270,174,1048
1/11/1994,223,177,470,194,217.5,299.5,312,259,248.4,213,235,167.1,251.2,246,156.2,159.5,306.1,334,238,257,333,232.4,212,309,190,278,146,213,200.9,110.5,114.4,113,372,254,269.1,318,179,188,430,363,334.2,309,296,448,430,357,370,679,264,259,263,332,348,214,21,154,465.6,314.6,666.1,338,475,507,366,275,428,236,185,278.9010679,266,303,301,272,375,363,209.6,419,575,243,532,345,355,165,571,251.2,499,238,256,267.9224574,170,109.7,332.8,319,131.6,218,167,103,174,20.9,52,199,340,173,368,368,380,115,338,293,428,174,171,228,247,149,475,144.6,357,307,169,176,201,210,219,197,261,202,292,145.8,369,99,179,355,217,229,161,341,279,177,154,169,146,295,168,154.7,113,107,95,93,118,215,201,162,309,142,122,98,172,97,100,143,184,21,161.3,128,326,313,424,484,336,345,356.8,213,297,252,389,243,272.6,285,130,193,310,222,206,167,208.1,122,240,270,221,83,1222
1/12/1994,99,182,119,46,135.7,72.9,52,63,89.3,103,23,99.6,129.9,88,80,21,33.8,20,10,33,62,24,32,19,11,80,31,26,31,2.4,11.9,17,110,257,171,386,137,145,207,225,181.9,133,270,159,108,186,279,327,84,220,110,146,105,134,16.4,28.5,306.1,122.8,519.1,230,309,303,286,115,238,131.5,82,133.3168829,172,241,54,215,216,207,79,182,293,77,161,101,103,89,600,39.8,168,55,78,63,167,25.9,63.6,140,41.7,98,93.34107624,18,88,10.8,21,84,70,51,109,66,54,37,110,79,216,54,57,25,71,46,72,58.2,79,88.42633217,39,70,38,36,68,126,142,31,44,13,39,37,98,104,101,102,54,90,59,36,71,10,42,74,34.6,43.1,54,60,54,63,84,166,28,17,64,38,45,68,62,98,51,50,48,35,38.4,71,44,109,141,82,137,106,103.4,67.9,45,80,150,73,126.8,139,143,79,52,61,50,58,101.2,121,41,60,114,46,1037
1/01/1995,135,38,6,3,10,26.6,26,38,51,23,3,61.7,114.1,22,14,5,29,12,15,4,0,2.6,0,0,14,3,1,35,18,45,1.1,3,28,77,25.2,95,65,58,36,101.7,21.8,65,111,52,77,31,114,271,48,63,44,154,60,69,47,55.7,102.9,167.9,158.3,15,125,155,91,106,62,76.6,44,98,47,102,49,42.3,66,49,23.7,73,79,26,89,22,51,125,43.8,34.3,60,56,40,137,75,10.8,23.8,41,5.3,61,4,26,56,12,5,47,39,45,100,34,44,24,26,91,44,47,15,27,2,28,39,39.7,24,49,4,0,7,4,5,50,69,15,28,2,60,32,28,48,33,33,25,35,0,21,44,15,6.7,20,29.2,55.7,0,21,21,19,36,24,26,9,15,5,24,0,30,1,11,39,13,0,22.8,1.3,20,36,3,20,21,12,30.5,71,23,55,22,55,110.7,6,13,18,20,41,19,44,46.8,24,40,12,10,100,598
1/02/1995,45,63,24,12,22,6.5,37,44,48,49.6,49,73.3,120.8,21,60,15,46.2,42,13,50,60,28.6,5,23,7,8,33,51,7.2,21.3,7.4,8,37,108,155.4,114,59,61,93,133,6.8,41,188,24,135,45,50,286,19.9,128,26,29,4,75,40,47.4,192.4,109.1,211.4,72,100,119,127,139,110,78.6,57,106,70,89,70,58,55,109,22,27,46,24,26,0,15,91,18,16.6,79,72,36,154,23,11.9,6.3,68,4.4,58,8,33,0,15,45.60810372,61,49,27,71,5,36,38,20,57,40,32,43,37,37,2,62,19.1,43,37,17,38,87,26,24,77,62,40,59,27,33,22,54,30,125,28,14,17,35,23,95,64,53.9,30,42.7,20,39,30,20,30,28,48,48,34,65,28.9,21,19,60,43,28,47,55,8,2.4,1.5,80,60,38,57,87,39,80.3,94.1,149,30,32,39,49.8,64,24,47,29,16,115,42,35.5,66,47,6,26,42,471
1/03/1995,230,146,382,251,184,132.5,217,161,167,89.8,116,107.1,266.5,135,223,236,163.3,124,86,98,182,110.1,61,96,93,176,83,184,135.8,67.3,56.7,15,370,190,134.2,145,139,129,173,223,231.5,276,160,288,158,250,302,200,220,147,213,275,249,149,176,78.4,213.5,142,403.8,81,162,170,206,96,189,174.8,109,139,130,185,173,142,326,207,246,179,243,167,338,167,166,74,177.6,172.7,234,107,134,237,112,96.8,83.5,122,144.6,132,108,127,166,70,142,154,172,109,212,209,262,94,253,232,352,155,148,164,63,131,207,90.9,172,149,89,129,164,206,141,153,244,143,153,269,293,60,189,302,133,549,170,259,89,46,74,144,135.5,256,153.8,173.4,74,105,133,106,79,275.4,112,104,224,152,80,120,164,236,170,93,138,59,124.6,14.9,206,210,106,205,192,120,200.8,181,173.4,105,204,116,260.7,135,139,69,193,178,138,76,132.3,333,140,10.3,160,138,541
1/04/1995,245,364,336,166,227,212,206,255,225,346.6,129,108,256.3,260,242.5,302.2,290.5,222,124,198,300,245.5,172,213,88,231,180,223,125.6,67.8,72.4,96,185,237,234,44.3,215,203,230,240.6,557,357,242,353,242,453,395,390,183,177,425,282,456,217,347,131.6,248.8,191.2,424.5,306,263,430,124,394,207,219.1,211,357,339,168,340,262,601.3,369,178.4,353,489,387,456,147,148,136,206.4,177.9,163,79,210,324,194,232.159677,85.4,197,115.4,152,179,267,159,134,105,203,218,206,299,187,361,213,175,378,406,143,209,142,238,267,194,185.1,182,228,209,174,258,202,256,414,416,308,228,250,325,118,271,405,170,209.1,295,315,179,130,125,211,119.6,271,308.2,202.9,226,189,215,219,264,180,222,196,261,222,255,185,321,283,260,259,241,68,246.6,33.9,298,350,182,333,304,251,359.3,373,435,180,288,208,228.8,259,279,253,193,328,304,313,267.5,522,363,23.3,245,145,880
1/05/1995,144,408,585,290,256,324.9,209,442,243,244.5,236,240,420.8,361,216,185.4,278.8,276,221,222,472,292.8,203,265,189,249,200,276,260.7,56.6,92.9,140,478,141,147.2,14.4,202,159,58,122.9,354.8,72,119,289,175,237,203,163,137,122,159,184,135,122,112,62.2,131.2,167.8,320.1,109,266,159,155,104,157,121.8,112,75,121,129,255,215,87,127,166.5,173,346,164,348,89,161,109,88.3,67.2,113,65,127,228,141,65,150.8,59,43.9,105,30,134,282,66,117,131,133,154,208,76,126,171,102,236,235,116,138,116,130,90,148,94.5,149,155,125,175,189,164,190,167,122,188,123,70,150,55,157,237,154,74,161,228,86,57,72,118,81.4,168,107.6,89.5,102,95,71,96,121,323,175,40,222,94,84,105,172,93,64,110,151,107,86,11.2,111,168,271,262,200,245,380.3,222,129,196,145,202,161.6,198,131,113,328,181,168,164,145.3,258,174,21.7,202,117,1192
1/06/1995,111,250,248,429,399,503.3,163,244,213.9,162.7,152,267,405,264,292.9,187,331.8,172,243,204,272,211.2,171,305,180,222,241,335,265.8,90.7,116.3,111,161,99,88.2,9.4,258,201,87,96,364.9,69,112,111,116,204,179,150,94,84,267,244,87,95,72,70,64.7,63,183.9,35,123,244,133,45,158,128.8,61,51,71,119,197,91,148,64,196,229,260,230,406,150,208,77,211.9,228.1,23.6,91,46,160,162,29.5,160.6,139,55.4,208,69,79,236,56,74,108,60,38,64,60,155,86,38,122,178,59,148,117.784345,22,60,80,55.3,122,116,99,115,122,82,201,152,246,148,85,118,71,35,90,122,109,120,140,167,74,76,73,107,58.7,112,86.8,45.4,106,117,61,83,113,82,103,87,176,73,104,74,84,169,64,137,141,36,68.6,9.4,113.2,189,124,158,183,150,223,158,143,158,154,155,204.6,241,271,113,143,262,191,98,91.2,391.4,88,9.6,235,130,1010
1/07/1995,132,274,359,378,473,344.9,197,388,247.4,245.3,181,260,641.8,364,274,282.7,337.2,372,324,354,630,222.4,84,329,238,403,262,317,258.9,99.5,185.4,191,293,71,145.9,146,273,231,77,152,265.3,202,93,162,75,298,154,237,138,75,401,150,165,54,86,109.9,132.9,135.9,340,169,243,243,248,183,131,110.9,203,94,132,134,155,164,160,73,115.5,139,224,169,329,54,100,98,43.7,60.7,85,241,88,180,121,43.3,50,68,114.5,60,111,114,136,107,97,96,52,74,67,91,157,89,74,152,296,93,131,103,145,71,80,94.4,68,123,118,256,197,152,117,114,106,207,154,196,98,67,124,203,131,330,154,180,19.1,58,103,156,78.6,139,114.4,73,91,145,106,148,139,109,251,94,157,149,139,160,110,114,117,120,219,90,115.5,10.9,167.6,167,176,157,137,133,148.1,140,112.3,239,126.4,225,186.8,380,221,173,130,303,166,183,172.1,320,140,30,206,191,984
1/08/1995,173,267,340,365,377,364.2,234,399,248.3,266.7,289,286,423.7,257,197,192,237.3,270,316,230,370,283.1,169,353,245,303,202,269,277.2,143.9,172.4,220,386,53,36.3,67,128,105,24,111,238.6,15,39,67,72,121,106,269,95,47,330,84,89,26,26,48,120.2,100.2,214,131,170,241,243,41,149,97.5,47,53,38,41,50,82,18,22,24.8,105,211,74,199,12,52,62,42.4,57.4,110,44,118,139,34,9.5,29.4,86,33.4,68,74,111,50,41,31,129,51,72,86,50,105,93,93,183,262,65,113,80,30,72,110,94,68,114,24,141,201,125,78,160,48,34,173,50,22,50,147,168,83,122,48,127,82,65,81,97,57.8,44,38.5,37.2,96,25,48,84,71,96,100,89,132,70,37,101,50,98,31,69,102,6,24.9,6.4,63.8,124,159,176,106,221,183.9,185,144,171,38.7,153,119.9,219,192,131,149,108,104,158,121.3,201,198,25,312,82,1166
1/09/1995,216,190,112,321,209,208.5,95,256,115.9,195,116,137,342.8,280,223,150.1,204.2,198,128,220,127,171.4,147,159,101,211,65,210,156.8,109.6,89.7,90,282,33,74.1,86,151,152,8,100.1,163,26,13,78,65,106,96,85,67,63,82,47,32,26,27,62.7,71.8,54.5,307.3,107,192,282,57,89,51,35.5,19,33,42,15,36,73,35,9,41.1,133,288,183,222,65,75,32,107.1,124.4,180,103,25,68,132,97.9,70.5,67,41.1,91,142,120,56,128,65,91,28,38,43,140,88,33,111,114,185,31,75,59,112,109,84,55.9,117,130,26,81,122,112,93,79,112,51,93,76,68,32,115,193,74,103,76,51,75,78,59,115,52.8,9,101.2,108.4,54,67,59,40,32,130,130,81,203,57,65,62,50,56,45,104,148,18,73.2,58,46.8,95,230,64,97,120,210.5,160,144,118,171,114,151.6,218,161,123,127,267,106.1,99.3,132.7,182,98,107,170,59,764
1/10/1995,164,375,133,408,167,147.8,198,188,190.6,300,293,171,244.6,212,197,109.7,175,234,129,129,309,237.3,303,160,69,307,162,247,189.9,40,106.2,95,478,259,182.7,216,147,130,222,226.3,253.1,339,254,248,293,443,217,343,195,190,358,286,226,204,258,112.2,239.2,227.5,623.6,447,402,334,202,331,330,239.2,160,270,234,303,293,341,410,315,204.3,251,382,413,452,171,245,228,190.1,340.6,297,186,236,359,282,144.3,156.9,269,148.5,288,133,211,241,167,156,168,333,227,300,267,240,218,343,275,378,201,179,212,161,150,549,159.1,306,231,221,137,119,96,116,206,107,200,221,113,173,93,263,218,253,497,147,236,259,100,319,108,152,253,185.1,165.8,219,150,115,152,151,161,106,175,284,150,126,122.4,175,229,102,153,228,136,122.3,168,161,203,179,201,184,105,327.2,408,293,88,214,132,277.2,189,193,103,143,218,232,206,223.2,180,310,183,202,167,1033
1/11/1995,163,260,290,216,237,176.3,299,174,174.4,235,121.4,104,144.1,134,202,120.2,113.5,171,117,159,211,250.2,93,245,106,181,39,167,170.7,45.4,43.6,23,224,235,215.4,172,127,71,147,136,598.5,229,220,340,249,327,297,301,273,80,263,302,233,163,179.3,59.7,205.7,263.2,521.6,223,428,268,153,192,316,184.6,182,197,194,204,62,257,163,235,159.8,254,221,243,377,112,240,79,140.5,108.6,195,116,164,296,101,48,78,212,53.4,110,62,179,151,103,52,174,191,124,175.5568523,268,295,92,285,250,190,141,187,211,78,107,213,154.3,218,179,86,28,88,66,82,344,88,116,187,156,171,57,244,217,151,354,40,202,108,118,74,68,140.5,136,174.6,123,58,59,30,22,27,95,50,56,246,61,25,6,33,87,59,25,53,12,6.6,47,156.5,118,241,245,142,150,254.4,150,138,169,108,227,196.4,253,93,88,303,229,154,123,139.7,217,130,40,237,114,1222
1/12/1995,201,247,339,313,257,187.6,226,328,239.7,256.4,246,233,319.4,234,326,170.9,233.7,276,208,165,245,180.4,92,163,117,336,110,255,221.4,82.4,55.9,53,276,288,161.2,341,69,89,182,349.5,123.9,281,314,208,448,328,240,287,91,114,306,161,127,141,290.7,82.1,291.5,272.5,745.8,231,553,452,115,430,452,354.9,170,173,320,244,123,155,320,135,85.6,177,336,208,461,40,201,114,100.6,79,220,60,62,129,111,26.9,36.7,99,33.9,52,62,60,132,122,70,193,82,135,151.6820369,152,224,102,144,166,431,139,107,130,71,115,174,125.1,197,126,93,91,75,82,139,132.4,121,125,203,116,142,74,201,269,120,177,100,105,90.5,125,97,101,122.3,153,68.6,78,61,74,81,49,86,95,59,79,200,48,35,53.4,77,140,82,168,173,23,44.5,101,198,68,132,272,99,82,240.4,315,315,71,310,139,141.3,233,151,102,126,226,207,170,155.5,198,202,305,245,126,1228
1/01/1996,98,74,69,232,65,91.3,147,162,153.5,119,184,116,198.6,229,188,91.5,125.3,176,59,56,126,127.7,53,79,86,72,67,107,123.6,89.2,21.6,12,268,349,221.9,448,100,138,200,295,49.9,192,332,156,316,252,276,271,207,241,127,211,184,256,173,105.5,338.1,284.6,596.5,184,342,113,151,142,321,324.6,261,270,278,271,159,216,250,309,171.5,157,119,204,204,154,91,276,183.3,135,242,70,257,309,105,32.3,101.5,148,16.6,263,35,65,28,46,83,201,149,143,162.5522701,131,106,122,210,285,206,104,85,71,29,61,240,111.7,189,76,28,101,56,67,71,97.8,108,46,160,85,81,69,222,177,209,121,83,137,61,117,132,63,121.1,58,91.5,161.2,76,75,63,31,93,161,83,31,202,34,32,35,52,155,73,112,133,40,84.9,78,223.3,125,200,267,85,134,229.5,325,270,153,306,193,164.9,130,141,172,96,116,145,162,159.6,229,215,105,174,145,896
1/02/1996,191,163,28,165,101,155.2,92,87,160.7,202,137,72,216.9,136,167,140.3,138.3,128,49,35,113,124.6,230.5,170,82,84,91,146,192.6,43,45.3,66,311,201,156.1,100,211,149,140,200.5,299.9,200,218,462,226,379,235,298,187,113,152,192,233,121,213,88.6,165.9,198.4,351.9,145,187,288,70,202,308,198.8,252,174,213,209,191,184,450,183,204,245,157,230,308,232,309,126,226.5,144.6,147,126.6,120,236,103,71,118.6,239,65.5,102,88,55,64,64,110,133,225,114,267,159,203,91,219,192,240,125,187,176,30,60,190,113.3,168,105,92,173,189,221,112,80,175,111,160,87,83,38,172,222,162,154,94,205,58,79,80,174,75.6,35,121.1,101.8,53,70,73,84,84,119,83,41,226,53,94,108,70,79,91,76,107,15,84.7,80,152.9,126,144,148,151,102,181.8,195.6,204,170,232,229,260.7,167,123,85,115,223,152,99,106.4,253,119,153,196,54,1154
1/03/1996,201,312,254,404,169,297.1,166,184,248.8,198,189,162,282.9,243,324,165.2,368,167,119,41,258.1,273.9,269,165,116,231,132,221,196.4,151.8,125.8,124,265,204.9,304.9,38.5,136,135,296,178,322.2,355,387,256,267,318,310,252,442,283,276,348,323,330,361,97.3,262.6,489.3,490.1,252,297,319,284,364,309,336.8,559,230,301,406,331,410,596,303,170.5,271,301,149,308,247,448,383,236.7,325,364,275,350,555,208,135.1,217.7,392,158,299,144,157,244,118,168,310,447,263,412,340,221,165,529,418,361,225,288,192,130,140,340,192.7,284,221,73,137,172,160,193,251,200,109,214,205,313,93,308,366,272,232,68,313,173,210,161,171,172.4,122,181.5,124.9,193,102,132,72,124,265,118,115,341,124,122,77,147,226,108,106,147,50,80.9,114,282,198,292,357,237,228,379.8,359,273,165,319,220,359.9,358,214,152,268,229,284,246,260.1,399,320,238,287,146,1682
1/04/1996,172,362,40,309,187,157.8,201,299,277.9,271,232,162,325.8,238,289,209,301.2,245,214,170.4,185,276.7,333,131,218,199,136,264,324.2,98.6,94.1,117,407,141,199.5,275,192,180,171,185,329.7,140,203,318,206,206,246,315,181,176,168,329,163,149,148,89.6,156.1,246.6,321.1,206,259,364,167,216,235,262.8,320,144,260,173,187,324,548,235,199.5,311,409,308,390,132,333,68,262.2,139.2,210,151,78,150,150,118.5,142.6,150,112.3,125,97,225,128,114,109,163,229,94,232,225,161,74,264,238,329,82,166,166,113,168,245,113.2,139,129,92,230,188,130,202,244,218,130,186,228,167,66,224,288,180,236,165,243,127,90,101,122,74.1,255,258.4,158.2,118,158,149,153,179,316,141,118,226,174,189.1,145,166,181,135,124,192,89,135.5,153,241.8,255,300,197,231,210,322.4,219,135,187,232,180,133.9,179,200,285,205,321,102,140,134,205,146,107,243,137,1418
1/05/1996,295,495,72,359,412,335.8,329,318,290,343,290,298,429.9,328,330,222.1,372.4,323,281,246.5,422,334.2,253,322,200,280,273,213,341.7,165.4,179.1,226,416,162,160.9,607,206,161,153,370,345,88,153,267,164,272,232,174,171,91,247.1,150,197,136,130,112.9,239.3,259.9,264.6,185,229,241,179,243,213,172.3,119,169,155,172,123,135,390,200,182.5,337,287,257,462,112,260,141,126.2,132.6,185,98,186,218,247,126.9,134.6,142,136.8,203,140,213,258,204,162,156,179,124,306,149,201,81,243,240,324,106,229,191,94,140,229,133.4,186,207,103,257,300,294,283,151,190,158,189,294,150,86,243,330,195,547,260,252,192,102,156,246,80,150.8,169.3,124.1,104,174,177,191,177,338,248,88,489,104,204,160.2,237,152,252,172,249,91,195.2,162.1,254.5,375,349,277,198,316,417.2,406,340,243,269,333,240.4,166,208,151,324,172,255,218,177.8,213,213,250,244,200,1496
1/06/1996,134,379,446,498,542,315.7,228,237,224.5,322,181,287,468.2,323,331,230.1,331.3,306,237,200.2,421,244,352,150,242,587,103,267,210.3,127,91.9,180,300,22,138.9,161,283,225,70,154,217.1,107,85,243,131,192,196,269,161,43,245,95,108,80,152,83.1,169.5,93.9,323.2,130,266,164,183,193,105,91.8,63,74,105,62,52,119,375,78,95.5,291,344,288,335,52,158,82,103.2,48.2,123,38,43,57,87,43.9,65.9,60,79.1,44,65,86,239,83,48,115,74,89,136,57,120,38,75,100,247,73,127,62,32,78,86,57.9,47,100,119,233,266,211,203,101,236,166,108,278,104,45,113,201,86,154,151,78,134,95,58,158,41.8,89,63.8,48.5,295,125,121,94,71,157,123,264,341,124.1,122,103,101,154,111,86,151,18,95.6,144,206,142,260,129,135,291,348,254,201,202,244,240,391.9,286,186,148,427,360,171,181,115.9,366,104,195,227,153,1493
1/07/1996,97,120,136,253,189,200,106,269,210.5,271,131,128,385.7,230,260,305.6,151.7,133,246,190.2,151,143.9,199,111,184,571,118,484,188.5,185.8,79.4,118,152,25,23,124,490,426,40,83,113.8,91,45,66,47,30,166,135,54,85,55,153,51,32,46,147,84.8,67.3,126,102,87,123,120,9,22,36.4,51,94,73,72,62,49,123,67,59.5,119,106,14,165,41,55,111,37.1,27.8,73,39,60,43,27,25.3,44.4,74,30.8,36,75,94,172,86,46,73,24,72,38,38,67,35,43,42,138,94,65,121,34,57,64,40,124,52,46,58,51,90,77,65,30,59,66,32,75,16,79,142,56,277,44,155,81,80,43,38,40.6,96,126.2,79.2,71,18,51,19,26,81,68,56,258,95.4,22,66,33,128,15,87,103,0,36.5,54,94,117,104,75,122,118,157.7,156,179,107,355,145,100.8,110,158,91,165,84,67,115,72.4,107,122,180,164,85,1395
1/08/1996,111,189,264,294,279,202.6,169,232,197.6,168,128,254,398.5,291,256,272.3,227.9,200,226,146.3,215,143.7,283,185,251,377,145,215,266.9,138.2,185.9,210,239,18.8,33,60,195,174,65,24,53.9,119,28,67,83,86,102,78,57,150.9,92,37,42,13,139,67.7,35.7,18.1,160.4,78,134,176,82,115,32,18.4,36,27,31,34,50,55,130,23,23.5,83,170,68,166,28,90,56,24.3,47.4,170,77,29,66,103,28,29.4,88,32.3,52,44,126,55,17,13,55,113,14,72,81,128,19,65,49,177,63,65,94,37,35,99,43.2,97,112,108,120,131,105,58,44,133,177,97,173,62,32,81,186,30,205,69,57,131,16,28,77,40.4,130.9,84.2,63.9,145,123,68,95,107,124,175,114,245,89.6,135,110,98,107,113,155,189,55,123,87,63.4,79,158,82,72,122,88.1,118,78,151,185,168,197,139,203,108,139,116,79,104,74,130,96,141,152,99,788
1/09/1996,100,292,317,257,243,203.2,150,173,203,200,100,102,361.5,151,200,201.1,199.2,124,99,116,107,206.4,172,117,75,226,93,116,115.6,120.2,155.7,110,130,9.4,29,47,154,132,40,90,71.3,42,21,88,75,34,96,82,33,94,109,71,24,24,133,55.4,79.5,73.8,120.9,106,87,112,102,104,151,94.6,22,61,161,54,96,17,68,55,94,115,138,93,221,109,201,26,46.8,81.3,168,129,41,82,81,67.8,107.2,116,64.3,67,141,94,119,55,48,118,66,30,110,41,100,42,221,78,172,119,85,117,39,78,128,103,128,87,96,73,184,108,66,114,116,82,78,189,96,41,49,62,71,92,77,79,130,97,40,58,48.4,73,56.9,115.6,59,54,96,143,104,51,81,69,123,156,102,92,88,73,86,128,135,31,80.5,85,106.3,138,61,89,131,95,137.5,140,102,166,202,156,118.2,108,217,187,38,108,73,94,68.7,206,100,158,203,99,645
1/10/1996,239,319,519.6,244,360,278.9,354,227,228.7,411,334,315,319.3,511,305,241.4,252.5,291,182,228,373,363.7,223,236,238,289.5,220,235,216.1,252.2,187.5,295,331,25.9,200,403,209,199,207,269,301.7,201,326,187,458,179,200,363,120,282,342,115,203,299,194,134.3,238.9,181.9,656.5,316,468,467,403,446,375,331.1,417,294,382,238,184,319,480,327,78.2,198,300,258,385,196,368,223,110.8,82.8,164,148,179,235,127,97.1,86.1,159,110.4,141,124,302,142,122,85,280,145,208,250,297,282,190,343,215,308,205,289,131,59,107,226,218.4,180,160,221,127,144,154,218,379,197,270,243,294,264,120,287,435,207,279,192,308,141,171,136,73,195.7,176,298.8,207.9,167,150,80,112,144,154,112,92,186,98,125,96,108,108,166,169,143,100,163.7,106,250.1,218,174,288,256,164,424.7,408,292,134,295,152,207.6,206,240,124,128,202,171,182,195,344,422,162,247,184,1014
1/11/1996,184,206,698,119,141,117.5,98,66,111.6,112,63,142,131.9,201,184,131.6,163.7,61,82,78,190,165.9,74,33,50,150,51,66,93.5,65.6,42.9,129,188,25.9,197,177,123,103,149,166,416.9,130,169,148,200,145,273,297,165,107,171,141,150,137,188,72.4,293.6,188.6,583.8,332,466,217,176,380,245,252.9,242,134,252,164,136,131,90,128,108,196,351,283,391,81,237,139,65.8,105.7,149,72,108,171,206,59.5,50.6,116,53.8,165,67,87,127,96,89,178,195,115,136,169,127,143,185,130,280,126,108,139,39,118,170,96.4,208,150,47,134,128,130,87,211,111,33,189,100,135,53,196,210,125,157,54,135,113,60,50,88,88.8,150,46.3,74.3,103,110,78,91,93,107,113,146,259,93,88,79,131,127,93,129,134,38,58,57,204.7,144,116,234,185,153,247.7,229,245,174,184,188,226.3,190,117,118,201,142,182,125,156.8,301,122,179,192,143,948
1/12/1996,95,110,202,91,146,122.1718366,119,105,101.4,191,158,55,187.8,79,132,93.6,121.8790854,87,140,48,157,63.7,92,117,60,151,101,85,119.9925147,78.7,111.9501657,39,155,266.7,120,293,175,151,235,223,326.8,310,171,264,334,363,279,452,227,116,207,153.4,265,142,223.4,114,301.2,255.4,467.2,283,319,347,259,297,362,311.2,442,229,184,220,230,209,378,178,263.5,173,221,158,283,137,283,112,151.7,100.8,167,56,109,174,289,39.5,159.4,86,75,184,86,39,192,51,95,201,177,37,120,140,75,80,222,144,151,111,125,78,68,55,208,126.7,190,98,69,81,52,99,146,117,117,95,79,64,95,45,167,166,117,74,87,107,66,72,137,78,48.1,47,24.7,37.4,141,45,86,100.0692814,66,152,82,109,243,96.6,68,33,76,117,111,36,231,14,59.8,95,75.1,157,41,176,168,62,126.5,147,104,52,158,76,94.3,194,77,40,111,94,66,72,78.6,89,100,127,146,91,848
1/01/1997,169,166,510,144,102,109.8,204,58.2,124.7,172,102,119,81.5,150,238,76.5,193.4,102,66,123,160,90.9,63,64,102,146,95,146,122.7,26.4,36.6,44,248,510.2,284,495,243,224,302,346,434,250,377,298,402,356,430,435,303,307,328,512.3,322,440,209.4,165.5,441.9,363.3,872.6,283,554,429,414,384,359,225.1,568,255,167,272,317,295,674,372,184,150,141,275,392,161,313,114.9,289.1,307.5,305,331,357,463,297,72.1,210.5,358,33.2,364,128,168,205,74,92,276,349,227,542,262.2212907,188,149,316,287,487,207,253,160,118,136,349,180.9,274,241,212,103,260,141,141,518,127,216,258,261,152,146,302,342,254,252,122,294,120,221,214,156,166.2,196,183.6,106.6,82,93,96,24,51,91,68,132,207,96.1,92,65,85,205,86,94,48,69,85,80,338.3,192,200,469,228,219,258.8,358,294,156,268,194,394.8,159,172,152,199,154,242,152,190.6,508,221,157,200,176,1119
1/02/1997,129,148,236,217,205,114.6,167,52.8,142.5,112,132,167,245.1,485,214,140.7,160.3,149,192,177,193,113.1,141,203,138,179,78,81,181.1,107.7,36.3,42,217,70.4,83,55,165,140,62,93,210,61,41,74,119,125,162,269,63,278,64,18.1,135,31,92,38.1,101.6,164.9,233.3,60,173,190,226,63,111,186.6,125,24,34,51,49,236,113,45,30.5,112,174,164,192,43,183,108.1,87.2,119.5,110,53,40,26,63,37.3,14.8,107,18.7,33,37,34,112,107,41,80,61,42,63,147.2,82,13,102,89,201,26,113,35,41,52,119,29.6,84,115,25,151,52,56,80.43093849,89,45,53,45,90,21,18,60,54,46,140,62,34,21,167,17,35,19.5,36,52.1,94.6,13,82,18,51,70,99,114,10,144,76.9,81,142,72,44,60,75,56,49,57,20,74.1,82,135,106,103,80,127,144,99,102,251,138,42.8,121,119,91,160,144,98,50,76.7,152,153,126,123,71,1242
1/03/1997,155,155,159,119,133,105.2,92,76.4,82,177,145,63,123.3,248,178,153,104.9,95,55,106,65,106.7,146,33,20,202,70,120,127.8,34.1,16.6,36,160,277.3,241,412,117,123,158,298,256,117,273,222,346,256,238,267,287,194,127,217.8811991,311,256,220,94.5,317.7,222.8,438.4,76,353,203,325,174,322,260.6,384,154,289,259,227,237,559,260,201,237,181,87,258,167,234,311,159.5,174.2,175.5,168,163,209,205,105.4,152,120,154.9,211,134,111,216,130,128,243,292,163,206,271,154,199,290,260,228,158,119,85,96,148,301,160.8,252,114,113,166,157,151,83,289,200,117,135,99,130.6,99,280,163,242,144,94,167,144,119,110,117,87.1,90,139.9,150.9,113,173,103,126,77,153,108,95,173,140,182,117,125,194,141,95,113,147,117,72,150.8,150,144,284,165,222,276.2,207,180,164,91,126,289.8,158,115,101,154,165,82,123,83.5,94,167,114,192,96,878
1/04/1997,213,178,352,261,390,332,98,207,164,242,150,292,269.3,199.5356272,218,259.8,228.1,222,185,215,207,251,212,166,124,217,179,168,194,141.2,81.5,51,297,203.5,111,177,148,115,96,249,398,185,140,188,157,186,237,111,215,74,306,238.8,197,93,276,56.6,206.9,223,473.6,186,259,270,252,266,253,168.6,373,137,131,238,90,133,492,138,273.5,185,264,261,355,210,309,44,207,246.4,259,136,87,116,195,198.2,159.5,148,150,83,142,155,254,161.9,165,135,168,83,213,97,147,57,159,206,237,97,228,173,84,180,252,110.1,208,163,77,121,251,152,230,163,274,107,111,292,110.3,56,202,262,117,206,139,203,187,45,82,190,31.6,189,190.2,131.8,151,113,139,70,89,120,168,159,177,153.8,100,102,121,157,124,72,180,51,121,91,274,241,221,167,228,224,215.4,254,216,123,336,144,209.4,100,294,118,251,220,135,131,109.8,84,190,236,230,142,907
1/05/1997,84,210,191,274,165,226.2,114,116,157,146,60,135,338.4,338,110,128,177.9,161,202,226,250,96,130,148,98,285,113,184,183.4,106.4,72.1,113,165,21.3,81,403,376,314,70,103,240.5,131,76,174,91,346,111,166,102,54.9,173,180.2,265,46,198,121.8,160.3,189,129.6,85,104,183,109,71,76,82.3,261,72,84,104,77,117,264,75,204,155,257,178,310,108,310,50,139.5,96.6,77,58,60,89,124,36.2,88.1,120,62.4,99,60,76,239,57,59,92,115,55,106,92,129,46,117,113,154,48,105,120,64,78,183,99.5,86,152,64,84,181,119,102,97,103,82,66,108,88.5,31,98,188,89,86,97,113,119,40,43,88,37,94,102,79.4,70,69,58,98,133,161,179,109,152,62,66,66,116,50,34,141,112,7,84,69,140.5,78,264,65,123,481,154.1,172,160,141,184,117,126.9,151,165,115,166,113,494,132,86.2,121,95,99,113,107,792
1/06/1997,66,319,227,308,251,235.4,148,277,136.5,464,115,151,361.8,287,250,172,208.2,363,279,307,261,306,219,273,204,493,297,271,379.2,150.2,193.6,140,394,169.8,103,292,206,176,75,106,261.7,149,91,139,239,335,263,112,85,49.8,201,77.3,117,77,321,75.2,155.4,48.6,249.3,176,183,272,163,207,204,170.7894003,460,71,68,80,109,109,326,95,203.5,207,260,303,315,96,242,86,79.2,112.8,165,137,81,185,95,110.3,42.6,111,118.7,77,119,156,149,164,120,105,144,77,128,196,145,46,196,122,459,68,128,118,122,174,242,99.9,143,121,138,156,91,215,153,189,104,186,138,152,32,67,155,232,106,157,128,136,79,36,57,87,70,95,134.1,112.5,112,110,115,104,59,142,90,141,274,129.1,137,90,124,178,157,79,124,90,152,82,192.9,163,311,135,147,217,223.4,244,152,276,284,217,317.8,216,198,125,186,320,222,119,170,129,88,148,213,294,1018
1/07/1997,10,24,1,51,42,21.7,37,54,65,93,6,34,121.1,79,104,52,62.4,12,31,33,22,34.8,90,17,51,109,32,10,75.7,24.4,32.38122377,16,42,0,10,153,879,804,66,0,0,5,3,10,1,0,17,0,20,15.2,1,96.8,1,5,0.4,160.9,0,58.7,20,0,5,10,0,0,2,4.2,24,2,0,7,0,4,15,21,4,10,7,0,22,0,0,43,4.2,4,0,0,35,23,0,0,3,1,4.8,3,13,0,3,0,1,0,1,38,9,0,0,7,0,4,26,25,0,0,5,0,10,11.2,0,7,6,54,15,25,15,0,4,6,9,0,14,2,6,16,14,0,66,15,31,15,5,12,13.7,10,0.4,5.9,17,16,13,63,46,5,16,0,7,26,24,65,33,24,27,21,47,0,53,30,5.7,0,50,0,1,8,1.3,9,12,3,29,10,11.4,79,43,64,0,0,40,24,4.4,26.0025452,12,15,0,45,607
1/08/1997,11,7,20,12,2,1.5,2,32,7,15,0,1,17.9,57,104,13,24,18,12,13,2,1.8,1,8,0,20,2,23,16.7,0,8.478540034,0,22,0.6,0,109,312,277,1,0,0,0,0,1,0,0,13,0,0,11.9,0,54.8,0,0,0,56.8,9.7,34.6,0,0,0,12,0,0,0,0,0,0,0,0,0,0,0,4,0,0,0,0,2,3,0,7,4.9,0,0,0,8,0,2,0.1,0.7,0,0,0,0,8,0,5,0,14,0,7,0,0,0,0,0,4,0,4,0,0,0,0,0,2,0,2,2,8,50,18,0,0,3,1,0,34,15,0,0,13,0,0,2,15,0,10,0,8,2,0,1.1,4.7,0,4,0,0,0,0,1,0,2,0,5,1,0,0,0,1,0,0,3.1,0,33,3,1,0,5,0,7.5,17,47,15,18,32,4.7,0,9,4,3,23,27,2,12.7,0,5,0,0,4,505
1/09/1997,255,268,200,188,205,244,213,263,304,265,221,212,379.8,218,178,254,208,155,91,186,350,243.6,101,155,102,119,83,132,186.8,37.7,104.7,82,309,47.8,64,158,131,97,95,105,81.8,139,27,211,117,238,202,150,137,24.1,164,105.6,179,33,155,41.9,155.3,88.3,170.8,142,152,256,110,32,120,92.6,77,47,88,133,71,157,230,63,121,189,382,162,256,110,134,38,99.8,126.2,102,62,39,98,105,44.3,140,33,52,116,83,97,148,78,85,58,112,40,69,43,129,80,49,93,154,36,96,71,90,95,210,79.5,90.6,130,123,151,197,170,186,152,127,143,61,136,127,43,68,177,78,83,191,149,107,15,45,228,94.8,97,52.3,54.7,99,163,102,86,67,147,175,108,159,127.8,197,113,102,164,163,89,106,78,162,104,230.2,172,105,82,223,180,186.4,217,267,135,159,204,165.9,121,166,96,151,141,147,179,161.6,127,232,156,170,132,500
1/10/1997,208,325,223,170,257,240.2,294,157,314,319,109,158,368.7,221,206,181.7,223.8,169,146,238,181,140,165,191,104,171,85,244,120.8,94.4,156.6,35,188,236,146.3,154.2184218,108,111,99,213,265.1,104,150,320,139,308,313,191,149,160.4,224,317,193,123,122,67.9,302.1,170.6,352.4,121,167,294,241,26,142,148.3,84,85,83,167,144,160,350,97,106,337,271,240,244,117,156,128,122.3,196.2,152,106,141,183,179,57.1,76.9,140,67.5,126,146,43,133,109,79,99,165,151,203,129,135,121,125,215,249,74,106,82,129,131,174,106,163,120,56,135,140,157,110,118,119,61,107,68,94,53,96,142,134,67,101,199,102,64,102,161,76.1,136,100,81.8,3,56,76,60,64,76,69,41,128,35.7,53,99,48,86,63,52,76,10,54,122,106.5,120,82,178,121,107,161.9,259,220,120,135,161,163.7,230,244,146,78,205,264,192,179.4,200,251,168,211,202,556
1/11/1997,223,201,419,147,141,182.4,194,146,154.2,313,207,159,203.6,84,189,140,229.1,261,26,85,258,368.5,197,99,83,153,157,338,180.5,77,85.9,100,349,250,277.3,219.1669952,174,156,187,227,404,262,256,247,217,380,355,360,243,48.1,405,228,377,214,466,95.7,144.8,174.4,462.7,98,373,441,345,69,171,176.6,316,160,271,294,225,337,490,265,210,297,347,310,664,192,324,218,176.2,262.3,250,154,177,236.7453564,151.4,160.6,187.1,278,91.8,224,117,135,334.5,133,107,313,304,226,299,417,292,119,377,548,472,183,201,193,121,196,367,202.3,243,363,112,170,152,159,189.7706614,272,160,128,227,127,162,138,269,389,290,195,121,198,228,110,173,156,156.7,155,104.1,287.2,277,165,123,245,128,144,99.1,128,225,144.5,190,93,162,209,212,176,278,112,136,127,293.7,76,169,585,223,102,319.5,373,334,106,448,161,215.1,445,169,149,136,178,230,225,142.2,221.1934264,266,299,260,227,926
1/12/1997,19,38,32,0,1,14.1,16,12,26.6,10,32,9,72.9,21,70,57,30.8,15,2,46,59,25.1,17,32,23,13,10,39,21.7,2.4,4.2,0,43,2.5,58,148,53,59,35,177,79,105,88,76,163,69,84,132,44,56.5,39,78,49,66,143,19.8,123.8,107.5,144.9,106,155,117,149,20,181,69.1,25,25,26,33,74,59,135,38,51,51,170,72,198,22,14,50,76.9,26.3,37,50,40,53.50331538,10,15.6,29.4,135,14.6,55,22,15,10,0,12,78,112,47,74,121,33,15,143,44,51,32,16,55,46,15,76,59.3,71,72,0,38,60,65,38.74811593,35,30,9,38,34,69,15,69,47,21,26,116,43,3,68,32,33,35.3,7,10.2,55.3,9,0,3,11,4,40,32,22,74,4.4,5,23,4,23,0,18,59,2,14,15,23.6,20,38,77,39,68,75.7,130,57,51,44,77,101.2,1,17,50,158,22,11,16,3.1,22,36,0,22,4,596
1/01/1998,38,34,25,5,3,1,23,22,45.9,65,29,8,91,230,24,60.5,17.8,25,34,15,50,47,15,21,2,24,1,38,13.6,0,21.6,12,58,31.8,15.5,29,23,23.1,39,27,34,0,49,16,27,153,101,74,48,45.6,22,113,32,101,28,14.9,75.2,87.2,101.5,10,117,136,48,2,0,37.3,52,5,20,29,0,56,0,23,19.7,31,74,64,57,23,51,11,0.3,3,21,15,16,21,18,0,22.2,24,4.6,15,9,0,45,7,15,22,67,18,28,13,31,0,29,103,107,12,15,32,0,2,38,22.7,8,37,16,33,40,49,25.22503248,67,9,24,43,26,9,8,41,83,60,44,24,45,8,0,4,10,2.1,10,16.4,27.5,2,4,6,10,36,9,27,0,62,10,6,10,12,7,10,52,64,0,11,12,42.6,3,0,47,43,32,48.4,57,38,5,55,22,3.7,94,52,78,11,95,19,22,82,13,47,50,51,41,424
1/02/1998,149,186,319,190,133,83,118.5057831,44,134,108,95,97,180.5,139,171,88.5,187.8,116,133.3,147,132,66.5,70,58,62,216,48,121,159.5,18.2,44.5,28,94,67.8,111.9,179,155,162,98,108,226.4,139,188,251,183,190,176,311,140,87.1,248,238,152,99,13.9,66.2,171.5,240,215,118,188,314,95,30,137.9678588,121.1,96,105,108,100,118,175,214,99,108.5,183,145,161,166,152,150,91,49.7,82.1,100,59,54,67,72,32.3,48.7,54,77.8,56,41,79,130,57,59,49,115,62,90,125,102,23,93,126,112,54,65,89,25,71,53,61.1,113,67,109,103,112,132,92.79560348,79,101,93,97,123,135,38,104,76,138,101,44,151,90,50,69,115,52.2,94,122.4,136.5,98,50,47,70,88,55,106,143,112,68,48,84,98,93,57,38,70,25,45,33,127.9,215,108,83,101,68,177.9,183,139,134,128,200,145.7,253,127,89,106,144,50,61,102.2,100,110,113,135,122,410
1/03/1998,264,235,267,137,244,112,157.1753804,37,135.3,397,57,207,122.1,195,184,133.8,191.6,131,87,145,186,188.3,62,104,89,76,45,127,131,73,34.7,56,226,64.8,148.2,105,59,40,88,212,242,145,165,280,158,398,263,208,175,80,121,286,177,101,20.8,54,131.9,156,223.9,177,167,244,148,51,152.9870589,151.9,89,138,119,124,103,183,214,132,102,221,196,113,252,136,248,152,175.7,101.3,238,119,107,269,134,64.5,149.2,162,76.5,114,80,77,209,70,110,135,180,114,233,186,242,32,214,271,367,104,182,230,139,114,210,108.5,274,231,124,68,164,134,139.0954149,199,148,133,121,116,244,45,80,207,208,137,152,185,88,105,36,156,138.5,179,93.9,203,122,112,94,37,94,186.9,120,117,270,94,103,38,98,161,121,120,104,125,63.3,108,271.8,163,157,363,272,253,268.7,202,135,183,152,197,205.5,120,130,168,137,104,200,135,123.5,97,231,110,242,90,410
1/04/1998,301,311,457,313,259,209.8,241.267642,151,247.6,362,200,141,376.3,216,240,204.9,300.6,347,162,231.1,225,234.2,315,270,221,351,206,213,348.7,59,69.7,120,348,100.6,224.6,93,168,167.1,54,219,480,161,119,379,127,205,281,276,287,61.3,439,245,235,44,239,51,206,344.9,396,126,239,326,265,15,167,166.7,189,134,196,182,162,195,359,200,279.5,272,586,488,463,141,541,66,214.5,208.5,224,157,86,138,162,181,139.8,187,177.8,108,133,200,417,99,166,144,193,116,164,219,228,71,177,294,438,93,291,226,95,89,106,166.3,224,194,236,272,222,222,209,259,274,217,160,252,373,84,192,316,231,172,231,189,197,150,233,195,94.7,187,115.3,96.8,155,124,99,211,109,192.3,213,185,344,134.9,161,206,157,184,98,109,151,85,210.9,206.1,150.2,274,291,237,220,214,330.1,208,309,393,304,396,250.8,236,215,204,462,274,217,182,198.5,300,226,286,284,238,936
1/05/1998,270,292,430,407,436,440.1,290.6327316,117,279.4,460,298,236,328.5,365,316,311,379,293,380,424,587,270.8,356,273,198,631,337,322,337.6,226.4,188.6,328,500,253.7,216,327,268,257,223,158,328,155,276,292,127,165,200,290,245,203.1,286,198,197,207,286,151.4,252.2,209.5,354.1,173,290,227,211,365,219,180.4,476,271,142,284,176,249,230,256,128.7,302,361,256,319,199,560,221,267.6,208.7,181,161,240,297,238,145.4,138.9,134,202.6,287,146,203,276,139,246,103,213,208,313,225,177,113,240,192,231,198,192,153,141,134,269,208.6,195,227,110,231,236,287,146,261,319,127,252,229,199,95,204,252,255,115,249,209,245,133,147,212,166.9,209,152.8,142.6,257,146,220,192,147,303.7,222,238,263,205,194,167,205,183,179,119,118,138,187.3,239,244.1,337,227,257,233,285,342,287,246,323,307,334,354.7,533,243,247,281,309,283,177,212.3,308,321,239,297,295,1225
1/06/1998,40,172,180,277,202,131.5,132.8787193,134.566405,114.8,237,50,93,365,196,229,161.6,193.9,211,402,250,199,112.9,123,135,194,290,80,160,269.8,105.3,79.7,90,164,44.7,29,44,321,291.2,19,46,260,22,22,246,30,32,90,88,82,140.8,119,66,192,19,15,169.3,36.1,33.2,160.5,22,83,168,137,2,90,62,48,30,73,46,75,13,64,18,122.6,106,140,151,172,100,56,67,91.9,36.3,78,33,38,47,58,66.7,33.5,28,45,71,41,95,121,16,105,21,42,32,40,56,55,8,39,46,97,25,41,27,67,36,58,20.4,69,56,81,121,146,107,175,23,192,99,25,108,64,14,24,107,36,50,88,30,108,47,67,103,13.7,63.8,50.9,46,60,49,53,112,80,124.5,69,110,94,65.3,65,65,95,76,65,63,143,65,58.9,100,35.9,102,155,47,38,114,109,136,106,127,202,120,69.7,135,55,77,141,195,117,134,106.5,94,49,70,94,149,1014
1/07/1998,131,208,302,342,429,255.1,197.3921262,194.343868,280.9,475,65,186,680.4,287,331,234.3,273.4,232,203,251,340,134.8,205.3,210,288,384,86,248,280.1,128.6,108,82,257,0.5,28.5,22,464,356.3,30,68,87,72,4,136,43,20,122,63,163,111.3,91,179,66,19,66,122.2,62.8,74.2,105.4,67,78,186,90,150,94,72.4,108,48,61,121,46,10,33,0,47.7,114,126,33,167,57,86,65,80.8,40.4,44,6,22,46,63,22.4,64.1,39,12.1,26,72,72,96,15,85,16,20,63,29,16,64,30,32,104,149,80,53,48,41,29,23,39.6,34,62,169,80,190,82,82,45,155,184,74,174,71,41,40,108,74,84,65,70,123,78,69,90,36.6,79.5,55.1,37.2,144,81,82,99.99962274,62,53.6,121,80,198,109.9,93,59,105,115,63,61,120,39,66,77,95.9,120,141,85,147,137,97.6,198,152,210,294,227,226.1,249,110,190,213,243,180,163,115.3,30,85,113,291,263,887
1/08/1998,172,295,249,296,310,327.6,177,246,195,232,102,351,405.6,308,280,236.3,265.8,258,99,252,315,127.8,278,237,232,222,170,327,252.5,108.5,115,147,407,40.3,26.5,29,249,197.9,100,99,255,93,36,129,148,284,177,136,100,84.1,88,49,28,24,168,78.9,97,115.2,220,81,94,251,151,19,115,115.2,29,60,58,61,36,51,132,0,19.1,104,162,116,228,33,117,45,18.3,40.6,84,17,35,27,29,43.9,9.6,74,46.9,34,71,42,60,51,67,41,19,32,25,28,81,12,37,104,131,84,95,62,64,97,30,47.9,70,112,5,155,101,98,124,137,179,66,127,51,58,22,38,231,77,116,98,145,91,39,90,99,63.9,35,63.7,76.7,57,106,45,96,86,129.5,41,27,141,56.5,132,93,88,54,94,116,76,72,92.3,83,99.6,178,137,115,140,193,96,151,144,142,278,175,149.8,205,118,144,256,165,91,119,98.1,318,139,188,235,193,766
1/09/1998,241,300,382,377,274,307.5,287,259,316.7,371,203,269,436.9,319,352,235,214.2,282,98,289,350,252.7,210,280,192,429,270,223,368,268.1,211,203,302.7,10.2,29.5,36,176,144.5,36,89,257.9,138,32,141,196,262,161,193,126,58.3,193,111,89,33,224,52.7,58.1,108.6,314.8,143,230,145,264,96,116,79.5,75,51,94,68,142,70,148,49,166.5,167,391,193,369,131,195,74,170.4,226.6,148,153,74,139,157,132.4,96.1,149,126.1,99,164,201,188,214,100,131,106,66,139,180,86,20,131,158,219,86,104,73,103,109,188,70.6,169,108,86,249,154,223,93,223,172,107,103,82,191,53,117,205,145,211,133,162,195,29,100,133,43.1,199,201,179.9,138,118,72,175,133,155.4,168,111,237,121.8,182,169,181,135,96,186,173,78,107.1,83,145.3,213,206,171,166,180,340.9,240,222,165,189,183,182.8,274,249,163,237,165,177,174,98.8,163,138,116,187,193,944
1/10/1998,292,268,357,513,402,413.5,346,212,319.2,208,248,389,293,437,313,268.1,389.1,284,125,209,261,295.2,141,189,232,325,159,262,235.6,80.9,135.7,77,248,272.7,177.2,313,205,188,227,166,380,290,251,315,380,205,238,311,201,153.5,273,273,151,197,226,151.1,182.4,194.3,467.1,301,250,285,230,297,357,366.4,213,182,197,236,57,122,367,243,53.3,343,356,283,412,91,146,141,72.1,68.6,73,83,144,245,68,32.8,101.9,126,42.1,95,84,185,59,70,99,154,186,141,134,175,163,43,111,243,219,187,217,192,67,87,129,173.2,135,155,225,161,287,172,177.4434614,242,249,219,254,85,184,125,247,339,225,194,83,261,151,131,143,128,130.4,163,178.7,150.7,111,109,99,137,109,137.1,138,100,219,82.5,141,112,236,179,110,208,222,363,98.2,92,274.9,169,256,234,220,248,371.5,388,242,237,337,276,405.7,209,154,162,276,210,153,138,132,120,277,189,240,241,1082
1/11/1998,293,513,502,391,537,226.6,331,264,253.4,453,373,228,315.1,297,337.2,168.8,286.3,318,123,235,490,324.9,198.5,254,107,478,268,313,302.6,140.5,243.1652498,52,419,234.3,269,536,108,152.6,244,312,550,360,339,397,474,243,506,524,376,357.7,514,475,479,328,302,118.6,443.9,233.3,906.1,369,622,404,563,358,577,401.5,205,331,293,340,259,358,546,290,256.9,412,398,385,544,93,275,279,117.7,207.5,125,126,334,424,170,152.1,122.6,174,140.7,229,103,130,141,125,173,180,263,176,365,249,177,174,306,320,359,216,269,117,121,134,247,162.2,182,157,193,238,166,161,195.3420136,292,181,217,286,166,232,133,305,308,240,231,108,205,53,259,207,132,152,191.4,115.9,187,184,86,144,156,133,97.7,210,108,280,112.1,136,209,168,183,160,150,181,87,132.4,127,205.5,92,247,389,178,228,267.5,354,314,303,269,246,349.4,266,186,118,268,187,265,200,160,176,451,182,290,187,1567
1/12/1998,169,300,621,165,165,101.5,232,143,153.4,262,332,157,147.2,107,255,179,147.9,209,57,122,433,274,114.2,63,93,70,110,157,139.7,48,69.9,79,199,185.8,162.6,178,146,159.8,173,156,232,34,272,221,349,124,134,340,164,130.4,56,64,138,180,98,52.2,212.7,205.4,603.3,267,326,307,313,287,253,255.3,65,106,114,84,98,180,149,199,96.2,272,270,125,443,60,55,122,93.3,114.9,82,84,175,240,111,76.8,49.3,106,46.9,106,53,86,163,21,27,221,159,139,172,122,63,135,155,231,200,115,120,44,29,41,123,99.7,48,90,92,96,194,49,120.2056466,256,62,98,90,127,273,44,172,200,153,90,50,120,72,201,78,87,94.9,155.5,126,141.9,192,118,48,120,96,38.3,97,56,192,68.2,116,54,166,109,62,89,191,30,67,69,155.1,92,264,236,139,146,211,346,291,197,225,294,322.4,126,139,119,99,108,179,113,116.6,109,280,69,278,148,1590
